ID,Situation,NP,Scenario,Syntactic_Position,Definiteness,Rating
2,Same_Situation,Two,IN1,Subject,That,65
2,Same_Situation,Two,IN5,Object,That,55
2,Same_Situation,Two,AN3,Subject,That,0
4,Same_Situation,Two,IN3,Subject,That,38
4,Same_Situation,Two,AN1,Subject,That,50
4,Same_Situation,Two,AN5,Object,That,37
5,Same_Situation,Two,IN4,Object,That,45
5,Same_Situation,Two,AN2,Subject,That,25
5,Same_Situation,Two,AN6,Subject,That,35
6,Same_Situation,Two,IN2,Subject,That,56
6,Same_Situation,Two,IN6,Subject,That,59
6,Same_Situation,Two,AN4,Subject,That,76
7,Same_Situation,Two,IN1,Subject,That,36
7,Same_Situation,Two,IN5,Object,That,63
7,Same_Situation,Two,AN3,Subject,That,0
8,Same_Situation,Two,IN4,Object,That,15
8,Same_Situation,Two,AN2,Subject,That,40
8,Same_Situation,Two,AN6,Subject,That,15
9,Same_Situation,Two,IN4,Object,That,29
9,Same_Situation,Two,AN2,Subject,That,28
9,Same_Situation,Two,AN6,Subject,That,53
11,Same_Situation,Two,IN2,Subject,That,1
11,Same_Situation,Two,IN6,Subject,That,2
11,Same_Situation,Two,AN4,Subject,That,0
12,Same_Situation,Two,IN3,Subject,That,32
12,Same_Situation,Two,AN1,Subject,That,30
12,Same_Situation,Two,AN5,Object,That,33
13,Same_Situation,Two,IN3,Subject,That,20
13,Same_Situation,Two,AN1,Subject,That,3
13,Same_Situation,Two,AN5,Object,That,19
14,Same_Situation,Two,IN4,Object,That,0
14,Same_Situation,Two,AN2,Subject,That,0
14,Same_Situation,Two,AN6,Subject,That,0
15,Same_Situation,Two,IN2,Subject,That,63
15,Same_Situation,Two,IN6,Subject,That,61
15,Same_Situation,Two,AN4,Subject,That,62
16,Same_Situation,Two,IN2,Subject,That,21
16,Same_Situation,Two,IN6,Subject,That,7
16,Same_Situation,Two,AN4,Subject,That,4
17,Same_Situation,Two,IN1,Subject,That,24
17,Same_Situation,Two,IN5,Object,That,0
17,Same_Situation,Two,AN3,Subject,That,0
18,Same_Situation,Two,IN1,Subject,That,33
18,Same_Situation,Two,IN5,Object,That,39
18,Same_Situation,Two,AN3,Subject,That,47
19,Same_Situation,Two,IN4,Object,That,0
19,Same_Situation,Two,AN2,Subject,That,0
19,Same_Situation,Two,AN6,Subject,That,0
20,Same_Situation,Two,IN1,Subject,That,55
20,Same_Situation,Two,IN5,Object,That,35
20,Same_Situation,Two,AN3,Subject,That,0
21,Same_Situation,Two,IN1,Subject,That,45
21,Same_Situation,Two,IN5,Object,That,47
21,Same_Situation,Two,AN3,Subject,That,35
22,Same_Situation,Two,IN4,Object,That,16
22,Same_Situation,Two,AN2,Subject,That,20
22,Same_Situation,Two,AN6,Subject,That,66
23,Same_Situation,Two,IN2,Subject,That,55
23,Same_Situation,Two,IN6,Subject,That,38
23,Same_Situation,Two,AN4,Subject,That,33
24,Same_Situation,Two,IN2,Subject,That,56
24,Same_Situation,Two,IN6,Subject,That,10
24,Same_Situation,Two,AN4,Subject,That,10
25,Same_Situation,Two,IN2,Subject,That,62
25,Same_Situation,Two,IN6,Subject,That,46
25,Same_Situation,Two,AN4,Subject,That,33
26,Same_Situation,Two,IN3,Subject,That,39
26,Same_Situation,Two,AN1,Subject,That,39
26,Same_Situation,Two,AN5,Object,That,19
27,Same_Situation,Two,IN3,Subject,That,27
27,Same_Situation,Two,AN1,Subject,That,0
27,Same_Situation,Two,AN5,Object,That,15
28,Same_Situation,Two,IN4,Object,That,66
28,Same_Situation,Two,AN2,Subject,That,60
28,Same_Situation,Two,AN6,Subject,That,66
29,Same_Situation,Two,IN3,Subject,That,46
29,Same_Situation,Two,AN1,Subject,That,13
29,Same_Situation,Two,AN5,Object,That,24
30,Same_Situation,Two,IN3,Subject,That,20
30,Same_Situation,Two,AN1,Subject,That,25
30,Same_Situation,Two,AN5,Object,That,14
31,Same_Situation,Two,IN1,Subject,That,60
31,Same_Situation,Two,IN5,Object,That,45
31,Same_Situation,Two,AN3,Subject,That,65
32,Same_Situation,Two,IN4,Object,That,0
32,Same_Situation,Two,AN2,Subject,That,9
32,Same_Situation,Two,AN6,Subject,That,0
33,Same_Situation,Two,IN2,Subject,That,6
33,Same_Situation,Two,IN6,Subject,That,11
33,Same_Situation,Two,AN4,Subject,That,0
34,Same_Situation,Two,IN3,Subject,That,17
34,Same_Situation,Two,AN1,Subject,That,30
34,Same_Situation,Two,AN5,Object,That,53
35,Same_Situation,Two,IN1,Subject,That,43
35,Same_Situation,Two,IN5,Object,That,60
35,Same_Situation,Two,AN3,Subject,That,17
37,Same_Situation,Two,IN4,Object,That,40
37,Same_Situation,Two,AN2,Subject,That,22
37,Same_Situation,Two,AN6,Subject,That,28
38,Same_Situation,Two,IN1,Subject,That,68
38,Same_Situation,Two,IN5,Object,That,69
38,Same_Situation,Two,AN3,Subject,That,76
40,Same_Situation,Two,IN3,Subject,That,61
40,Same_Situation,Two,AN1,Subject,That,60
40,Same_Situation,Two,AN5,Object,That,35
41,Same_Situation,Two,IN2,Subject,That,14
41,Same_Situation,Two,IN6,Subject,That,18
41,Same_Situation,Two,AN4,Subject,That,21
42,Same_Situation,Two,IN3,Subject,That,37
42,Same_Situation,Two,AN1,Subject,That,64
42,Same_Situation,Two,AN5,Object,That,45
43,Same_Situation,Two,IN2,Subject,That,16
43,Same_Situation,Two,IN6,Subject,That,35
43,Same_Situation,Two,AN4,Subject,That,12
44,Same_Situation,Two,IN1,Subject,That,70
44,Same_Situation,Two,IN5,Object,That,71
44,Same_Situation,Two,AN3,Subject,That,81
46,Same_Situation,Two,IN2,Subject,That,45
46,Same_Situation,Two,IN6,Subject,That,45
46,Same_Situation,Two,AN4,Subject,That,34
47,Same_Situation,Two,IN1,Subject,That,69
47,Same_Situation,Two,IN5,Object,That,91
47,Same_Situation,Two,AN3,Subject,That,72
48,Same_Situation,Two,IN4,Object,That,77
48,Same_Situation,Two,AN2,Subject,That,63
48,Same_Situation,Two,AN6,Subject,That,62
49,Same_Situation,Two,IN3,Subject,That,42
49,Same_Situation,Two,AN1,Subject,That,56
49,Same_Situation,Two,AN5,Object,That,53
50,Same_Situation,Two,IN1,Subject,That,9
50,Same_Situation,Two,IN5,Object,That,40
50,Same_Situation,Two,AN3,Subject,That,23
51,Same_Situation,Two,IN4,Object,That,39
51,Same_Situation,Two,AN2,Subject,That,25
51,Same_Situation,Two,AN6,Subject,That,23
52,Same_Situation,Two,IN1,Subject,That,57
52,Same_Situation,Two,IN5,Object,That,79
52,Same_Situation,Two,AN3,Subject,That,7
53,Same_Situation,Two,IN1,Subject,That,11
53,Same_Situation,Two,IN5,Object,That,22
53,Same_Situation,Two,AN3,Subject,That,23
54,Same_Situation,Two,IN4,Object,That,18
54,Same_Situation,Two,AN2,Subject,That,13
54,Same_Situation,Two,AN6,Subject,That,20
56,Same_Situation,Two,IN2,Subject,That,61
56,Same_Situation,Two,IN6,Subject,That,75
56,Same_Situation,Two,AN4,Subject,That,61
57,Same_Situation,Two,IN2,Subject,That,7
57,Same_Situation,Two,IN6,Subject,That,17
57,Same_Situation,Two,AN4,Subject,That,62
60,Same_Situation,Two,IN2,Subject,That,100
60,Same_Situation,Two,IN6,Subject,That,0
60,Same_Situation,Two,AN4,Subject,That,0
61,Same_Situation,Two,IN2,Subject,That,50
61,Same_Situation,Two,IN6,Subject,That,0
61,Same_Situation,Two,AN4,Subject,That,0
62,Same_Situation,Two,IN3,Subject,That,30
62,Same_Situation,Two,AN1,Subject,That,32
62,Same_Situation,Two,AN5,Object,That,31
63,Same_Situation,Two,IN4,Object,That,25
63,Same_Situation,Two,AN2,Subject,That,10
63,Same_Situation,Two,AN6,Subject,That,35
64,Same_Situation,Two,IN1,Subject,That,26
64,Same_Situation,Two,IN5,Object,That,4
64,Same_Situation,Two,AN3,Subject,That,20
2,Same_Situation,Two,IN1,Subject,The,100
2,Same_Situation,Two,IN5,Object,The,100
2,Same_Situation,Two,AN3,Subject,The,100
4,Same_Situation,Two,IN3,Subject,The,100
4,Same_Situation,Two,AN1,Subject,The,90
4,Same_Situation,Two,AN5,Object,The,90
5,Same_Situation,Two,IN4,Object,The,90
5,Same_Situation,Two,AN2,Subject,The,90
5,Same_Situation,Two,AN6,Subject,The,80
6,Same_Situation,Two,IN2,Subject,The,97
6,Same_Situation,Two,IN6,Subject,The,99
6,Same_Situation,Two,AN4,Subject,The,96
7,Same_Situation,Two,IN1,Subject,The,76
7,Same_Situation,Two,IN5,Object,The,100
7,Same_Situation,Two,AN3,Subject,The,98
8,Same_Situation,Two,IN4,Object,The,85
8,Same_Situation,Two,AN2,Subject,The,59
8,Same_Situation,Two,AN6,Subject,The,79
9,Same_Situation,Two,IN4,Object,The,72
9,Same_Situation,Two,AN2,Subject,The,81
9,Same_Situation,Two,AN6,Subject,The,81
11,Same_Situation,Two,IN2,Subject,The,100
11,Same_Situation,Two,IN6,Subject,The,84
11,Same_Situation,Two,AN4,Subject,The,100
12,Same_Situation,Two,IN3,Subject,The,94
12,Same_Situation,Two,AN1,Subject,The,97
12,Same_Situation,Two,AN5,Object,The,100
13,Same_Situation,Two,IN3,Subject,The,88
13,Same_Situation,Two,AN1,Subject,The,73
13,Same_Situation,Two,AN5,Object,The,84
14,Same_Situation,Two,IN4,Object,The,100
14,Same_Situation,Two,AN2,Subject,The,100
14,Same_Situation,Two,AN6,Subject,The,100
15,Same_Situation,Two,IN2,Subject,The,95
15,Same_Situation,Two,IN6,Subject,The,95
15,Same_Situation,Two,AN4,Subject,The,88
16,Same_Situation,Two,IN2,Subject,The,89
16,Same_Situation,Two,IN6,Subject,The,94
16,Same_Situation,Two,AN4,Subject,The,88
17,Same_Situation,Two,IN1,Subject,The,100
17,Same_Situation,Two,IN5,Object,The,100
17,Same_Situation,Two,AN3,Subject,The,100
18,Same_Situation,Two,IN1,Subject,The,100
18,Same_Situation,Two,IN5,Object,The,93
18,Same_Situation,Two,AN3,Subject,The,100
19,Same_Situation,Two,IN4,Object,The,100
19,Same_Situation,Two,AN2,Subject,The,100
19,Same_Situation,Two,AN6,Subject,The,100
20,Same_Situation,Two,IN1,Subject,The,100
20,Same_Situation,Two,IN5,Object,The,100
20,Same_Situation,Two,AN3,Subject,The,100
21,Same_Situation,Two,IN1,Subject,The,90
21,Same_Situation,Two,IN5,Object,The,90
21,Same_Situation,Two,AN3,Subject,The,100
22,Same_Situation,Two,IN4,Object,The,88
22,Same_Situation,Two,AN2,Subject,The,80
22,Same_Situation,Two,AN6,Subject,The,49
23,Same_Situation,Two,IN2,Subject,The,84
23,Same_Situation,Two,IN6,Subject,The,81
23,Same_Situation,Two,AN4,Subject,The,63
24,Same_Situation,Two,IN2,Subject,The,10
24,Same_Situation,Two,IN6,Subject,The,89
24,Same_Situation,Two,AN4,Subject,The,85
25,Same_Situation,Two,IN2,Subject,The,100
25,Same_Situation,Two,IN6,Subject,The,100
25,Same_Situation,Two,AN4,Subject,The,100
26,Same_Situation,Two,IN3,Subject,The,94
26,Same_Situation,Two,AN1,Subject,The,99
26,Same_Situation,Two,AN5,Object,The,65
27,Same_Situation,Two,IN3,Subject,The,71
27,Same_Situation,Two,AN1,Subject,The,100
27,Same_Situation,Two,AN5,Object,The,83
28,Same_Situation,Two,IN4,Object,The,100
28,Same_Situation,Two,AN2,Subject,The,100
28,Same_Situation,Two,AN6,Subject,The,100
29,Same_Situation,Two,IN3,Subject,The,93
29,Same_Situation,Two,AN1,Subject,The,82
29,Same_Situation,Two,AN5,Object,The,90
30,Same_Situation,Two,IN3,Subject,The,93
30,Same_Situation,Two,AN1,Subject,The,25
30,Same_Situation,Two,AN5,Object,The,87
31,Same_Situation,Two,IN1,Subject,The,79
31,Same_Situation,Two,IN5,Object,The,84
31,Same_Situation,Two,AN3,Subject,The,100
32,Same_Situation,Two,IN4,Object,The,100
32,Same_Situation,Two,AN2,Subject,The,100
32,Same_Situation,Two,AN6,Subject,The,100
33,Same_Situation,Two,IN2,Subject,The,100
33,Same_Situation,Two,IN6,Subject,The,100
33,Same_Situation,Two,AN4,Subject,The,100
34,Same_Situation,Two,IN3,Subject,The,82
34,Same_Situation,Two,AN1,Subject,The,100
34,Same_Situation,Two,AN5,Object,The,95
35,Same_Situation,Two,IN1,Subject,The,100
35,Same_Situation,Two,IN5,Object,The,100
35,Same_Situation,Two,AN3,Subject,The,100
37,Same_Situation,Two,IN4,Object,The,100
37,Same_Situation,Two,AN2,Subject,The,100
37,Same_Situation,Two,AN6,Subject,The,75
38,Same_Situation,Two,IN1,Subject,The,70
38,Same_Situation,Two,IN5,Object,The,72
38,Same_Situation,Two,AN3,Subject,The,76
40,Same_Situation,Two,IN3,Subject,The,90
40,Same_Situation,Two,AN1,Subject,The,90
40,Same_Situation,Two,AN5,Object,The,90
41,Same_Situation,Two,IN2,Subject,The,91
41,Same_Situation,Two,IN6,Subject,The,100
41,Same_Situation,Two,AN4,Subject,The,97
42,Same_Situation,Two,IN3,Subject,The,100
42,Same_Situation,Two,AN1,Subject,The,61
42,Same_Situation,Two,AN5,Object,The,88
43,Same_Situation,Two,IN2,Subject,The,94
43,Same_Situation,Two,IN6,Subject,The,92
43,Same_Situation,Two,AN4,Subject,The,94
44,Same_Situation,Two,IN1,Subject,The,100
44,Same_Situation,Two,IN5,Object,The,92
44,Same_Situation,Two,AN3,Subject,The,92
46,Same_Situation,Two,IN2,Subject,The,100
46,Same_Situation,Two,IN6,Subject,The,68
46,Same_Situation,Two,AN4,Subject,The,82
47,Same_Situation,Two,IN1,Subject,The,86
47,Same_Situation,Two,IN5,Object,The,91
47,Same_Situation,Two,AN3,Subject,The,84
48,Same_Situation,Two,IN4,Object,The,100
48,Same_Situation,Two,AN2,Subject,The,91
48,Same_Situation,Two,AN6,Subject,The,97
49,Same_Situation,Two,IN3,Subject,The,85
49,Same_Situation,Two,AN1,Subject,The,81
49,Same_Situation,Two,AN5,Object,The,86
50,Same_Situation,Two,IN1,Subject,The,90
50,Same_Situation,Two,IN5,Object,The,95
50,Same_Situation,Two,AN3,Subject,The,94
51,Same_Situation,Two,IN4,Object,The,100
51,Same_Situation,Two,AN2,Subject,The,100
51,Same_Situation,Two,AN6,Subject,The,100
52,Same_Situation,Two,IN1,Subject,The,95
52,Same_Situation,Two,IN5,Object,The,98
52,Same_Situation,Two,AN3,Subject,The,90
53,Same_Situation,Two,IN1,Subject,The,86
53,Same_Situation,Two,IN5,Object,The,85
53,Same_Situation,Two,AN3,Subject,The,85
54,Same_Situation,Two,IN4,Object,The,96
54,Same_Situation,Two,AN2,Subject,The,95
54,Same_Situation,Two,AN6,Subject,The,99
56,Same_Situation,Two,IN2,Subject,The,86
56,Same_Situation,Two,IN6,Subject,The,87
56,Same_Situation,Two,AN4,Subject,The,82
57,Same_Situation,Two,IN2,Subject,The,76
57,Same_Situation,Two,IN6,Subject,The,83
57,Same_Situation,Two,AN4,Subject,The,81
60,Same_Situation,Two,IN2,Subject,The,100
60,Same_Situation,Two,IN6,Subject,The,100
60,Same_Situation,Two,AN4,Subject,The,100
61,Same_Situation,Two,IN2,Subject,The,100
61,Same_Situation,Two,IN6,Subject,The,25
61,Same_Situation,Two,AN4,Subject,The,85
62,Same_Situation,Two,IN3,Subject,The,94
62,Same_Situation,Two,AN1,Subject,The,89
62,Same_Situation,Two,AN5,Object,The,94
63,Same_Situation,Two,IN4,Object,The,80
63,Same_Situation,Two,AN2,Subject,The,90
63,Same_Situation,Two,AN6,Subject,The,100
64,Same_Situation,Two,IN1,Subject,The,82
64,Same_Situation,Two,IN5,Object,The,95
64,Same_Situation,Two,AN3,Subject,The,72
2,Same_Situation,One,IN4,Object,That,100
2,Same_Situation,One,AN2,Subject,That,80
2,Same_Situation,One,AN6,Subject,That,91
4,Same_Situation,One,IN2,Subject,That,58
4,Same_Situation,One,IN6,Subject,That,57
4,Same_Situation,One,AN4,Subject,That,46
5,Same_Situation,One,IN3,Subject,That,25
5,Same_Situation,One,AN1,Subject,That,30
5,Same_Situation,One,AN5,Object,That,55
6,Same_Situation,One,IN1,Subject,That,56
6,Same_Situation,One,IN5,Object,That,70
6,Same_Situation,One,AN3,Subject,That,60
7,Same_Situation,One,IN4,Object,That,0
7,Same_Situation,One,AN2,Subject,That,33
7,Same_Situation,One,AN6,Subject,That,18
8,Same_Situation,One,IN3,Subject,That,20
8,Same_Situation,One,AN1,Subject,That,57
8,Same_Situation,One,AN5,Object,That,76
9,Same_Situation,One,IN3,Subject,That,39
9,Same_Situation,One,AN1,Subject,That,75
9,Same_Situation,One,AN5,Object,That,55
11,Same_Situation,One,IN1,Subject,That,0
11,Same_Situation,One,IN5,Object,That,0
11,Same_Situation,One,AN3,Subject,That,0
12,Same_Situation,One,IN2,Subject,That,25
12,Same_Situation,One,IN6,Subject,That,12
12,Same_Situation,One,AN4,Subject,That,16
13,Same_Situation,One,IN2,Subject,That,27
13,Same_Situation,One,IN6,Subject,That,12
13,Same_Situation,One,AN4,Subject,That,59
14,Same_Situation,One,IN3,Subject,That,59
14,Same_Situation,One,AN1,Subject,That,0
14,Same_Situation,One,AN5,Object,That,0
15,Same_Situation,One,IN1,Subject,That,12
15,Same_Situation,One,IN5,Object,That,67
15,Same_Situation,One,AN3,Subject,That,34
16,Same_Situation,One,IN1,Subject,That,26
16,Same_Situation,One,IN5,Object,That,7
16,Same_Situation,One,AN3,Subject,That,17
17,Same_Situation,One,IN4,Object,That,0
17,Same_Situation,One,AN2,Subject,That,0
17,Same_Situation,One,AN6,Subject,That,3
18,Same_Situation,One,IN4,Object,That,52
18,Same_Situation,One,AN2,Subject,That,70
18,Same_Situation,One,AN6,Subject,That,63
19,Same_Situation,One,IN3,Subject,That,51
19,Same_Situation,One,AN1,Subject,That,98
19,Same_Situation,One,AN5,Object,That,0
20,Same_Situation,One,IN4,Object,That,75
20,Same_Situation,One,AN2,Subject,That,0
20,Same_Situation,One,AN6,Subject,That,0
21,Same_Situation,One,IN4,Object,That,85
21,Same_Situation,One,AN2,Subject,That,60
21,Same_Situation,One,AN6,Subject,That,85
22,Same_Situation,One,IN3,Subject,That,34
22,Same_Situation,One,AN1,Subject,That,80
22,Same_Situation,One,AN5,Object,That,38
23,Same_Situation,One,IN1,Subject,That,63
23,Same_Situation,One,IN5,Object,That,66
23,Same_Situation,One,AN3,Subject,That,41
24,Same_Situation,One,IN1,Subject,That,7
24,Same_Situation,One,IN5,Object,That,85
24,Same_Situation,One,AN3,Subject,That,8
25,Same_Situation,One,IN1,Subject,That,95
25,Same_Situation,One,IN5,Object,That,100
25,Same_Situation,One,AN3,Subject,That,93
26,Same_Situation,One,IN2,Subject,That,60
26,Same_Situation,One,IN6,Subject,That,61
26,Same_Situation,One,AN4,Subject,That,60
27,Same_Situation,One,IN2,Subject,That,10
27,Same_Situation,One,IN6,Subject,That,25
27,Same_Situation,One,AN4,Subject,That,10
28,Same_Situation,One,IN3,Subject,That,70
28,Same_Situation,One,AN1,Subject,That,100
28,Same_Situation,One,AN5,Object,That,100
29,Same_Situation,One,IN2,Subject,That,55
29,Same_Situation,One,IN6,Subject,That,38
29,Same_Situation,One,AN4,Subject,That,50
30,Same_Situation,One,IN2,Subject,That,96
30,Same_Situation,One,IN6,Subject,That,62
30,Same_Situation,One,AN4,Subject,That,92
31,Same_Situation,One,IN4,Object,That,65
31,Same_Situation,One,AN2,Subject,That,75
31,Same_Situation,One,AN6,Subject,That,76
32,Same_Situation,One,IN3,Subject,That,8
32,Same_Situation,One,AN1,Subject,That,61
32,Same_Situation,One,AN5,Object,That,8
33,Same_Situation,One,IN1,Subject,That,10
33,Same_Situation,One,IN5,Object,That,17
33,Same_Situation,One,AN3,Subject,That,16
34,Same_Situation,One,IN2,Subject,That,36
34,Same_Situation,One,IN6,Subject,That,71
34,Same_Situation,One,AN4,Subject,That,76
35,Same_Situation,One,IN4,Object,That,73
35,Same_Situation,One,AN2,Subject,That,100
35,Same_Situation,One,AN6,Subject,That,27
37,Same_Situation,One,IN3,Subject,That,59
37,Same_Situation,One,AN1,Subject,That,68
37,Same_Situation,One,AN5,Object,That,68
38,Same_Situation,One,IN4,Object,That,66
38,Same_Situation,One,AN2,Subject,That,73
38,Same_Situation,One,AN6,Subject,That,71
40,Same_Situation,One,IN2,Subject,That,70
40,Same_Situation,One,IN6,Subject,That,30
40,Same_Situation,One,AN4,Subject,That,60
41,Same_Situation,One,IN1,Subject,That,17
41,Same_Situation,One,IN5,Object,That,75
41,Same_Situation,One,AN3,Subject,That,86
42,Same_Situation,One,IN2,Subject,That,100
42,Same_Situation,One,IN6,Subject,That,0
42,Same_Situation,One,AN4,Subject,That,0
43,Same_Situation,One,IN1,Subject,That,8
43,Same_Situation,One,IN5,Object,That,86
43,Same_Situation,One,AN3,Subject,That,74
44,Same_Situation,One,IN4,Object,That,69
44,Same_Situation,One,AN2,Subject,That,76
44,Same_Situation,One,AN6,Subject,That,78
46,Same_Situation,One,IN1,Subject,That,30
46,Same_Situation,One,IN5,Object,That,92
46,Same_Situation,One,AN3,Subject,That,80
47,Same_Situation,One,IN4,Object,That,81
47,Same_Situation,One,AN2,Subject,That,81
47,Same_Situation,One,AN6,Subject,That,75
48,Same_Situation,One,IN3,Subject,That,73
48,Same_Situation,One,AN1,Subject,That,64
48,Same_Situation,One,AN5,Object,That,56
49,Same_Situation,One,IN2,Subject,That,59
49,Same_Situation,One,IN6,Subject,That,60
49,Same_Situation,One,AN4,Subject,That,60
50,Same_Situation,One,IN4,Object,That,17
50,Same_Situation,One,AN2,Subject,That,31
50,Same_Situation,One,AN6,Subject,That,25
51,Same_Situation,One,IN3,Subject,That,10
51,Same_Situation,One,AN1,Subject,That,100
51,Same_Situation,One,AN5,Object,That,12
52,Same_Situation,One,IN4,Object,That,55
52,Same_Situation,One,AN2,Subject,That,65
52,Same_Situation,One,AN6,Subject,That,80
53,Same_Situation,One,IN4,Object,That,10
53,Same_Situation,One,AN2,Subject,That,73
53,Same_Situation,One,AN6,Subject,That,9
54,Same_Situation,One,IN3,Subject,That,30
54,Same_Situation,One,AN1,Subject,That,35
54,Same_Situation,One,AN5,Object,That,58
56,Same_Situation,One,IN1,Subject,That,82
56,Same_Situation,One,IN5,Object,That,64
56,Same_Situation,One,AN3,Subject,That,78
57,Same_Situation,One,IN1,Subject,That,5
57,Same_Situation,One,IN5,Object,That,67
57,Same_Situation,One,AN3,Subject,That,18
60,Same_Situation,One,IN1,Subject,That,72
60,Same_Situation,One,IN5,Object,That,79
60,Same_Situation,One,AN3,Subject,That,81
61,Same_Situation,One,IN1,Subject,That,75
61,Same_Situation,One,IN5,Object,That,100
61,Same_Situation,One,AN3,Subject,That,25
62,Same_Situation,One,IN2,Subject,That,60
62,Same_Situation,One,IN6,Subject,That,23
62,Same_Situation,One,AN4,Subject,That,34
63,Same_Situation,One,IN3,Subject,That,26
63,Same_Situation,One,AN1,Subject,That,40
63,Same_Situation,One,AN5,Object,That,15
64,Same_Situation,One,IN4,Object,That,5
64,Same_Situation,One,AN2,Subject,That,13
64,Same_Situation,One,AN6,Subject,That,13
2,Same_Situation,One,IN4,Object,The,75
2,Same_Situation,One,AN2,Subject,The,100
2,Same_Situation,One,AN6,Subject,The,100
4,Same_Situation,One,IN2,Subject,The,79
4,Same_Situation,One,IN6,Subject,The,74
4,Same_Situation,One,AN4,Subject,The,75
5,Same_Situation,One,IN3,Subject,The,85
5,Same_Situation,One,AN1,Subject,The,60
5,Same_Situation,One,AN5,Object,The,80
6,Same_Situation,One,IN1,Subject,The,87
6,Same_Situation,One,IN5,Object,The,70
6,Same_Situation,One,AN3,Subject,The,100
7,Same_Situation,One,IN4,Object,The,86
7,Same_Situation,One,AN2,Subject,The,100
7,Same_Situation,One,AN6,Subject,The,85
8,Same_Situation,One,IN3,Subject,The,77
8,Same_Situation,One,AN1,Subject,The,57
8,Same_Situation,One,AN5,Object,The,76
9,Same_Situation,One,IN3,Subject,The,78
9,Same_Situation,One,AN1,Subject,The,73
9,Same_Situation,One,AN5,Object,The,76
11,Same_Situation,One,IN1,Subject,The,92
11,Same_Situation,One,IN5,Object,The,88
11,Same_Situation,One,AN3,Subject,The,97
12,Same_Situation,One,IN2,Subject,The,91
12,Same_Situation,One,IN6,Subject,The,95
12,Same_Situation,One,AN4,Subject,The,100
13,Same_Situation,One,IN2,Subject,The,90
13,Same_Situation,One,IN6,Subject,The,95
13,Same_Situation,One,AN4,Subject,The,76
14,Same_Situation,One,IN3,Subject,The,100
14,Same_Situation,One,AN1,Subject,The,100
14,Same_Situation,One,AN5,Object,The,100
15,Same_Situation,One,IN1,Subject,The,92
15,Same_Situation,One,IN5,Object,The,82
15,Same_Situation,One,AN3,Subject,The,80
16,Same_Situation,One,IN1,Subject,The,93
16,Same_Situation,One,IN5,Object,The,93
16,Same_Situation,One,AN3,Subject,The,93
17,Same_Situation,One,IN4,Object,The,100
17,Same_Situation,One,AN2,Subject,The,100
17,Same_Situation,One,AN6,Subject,The,100
18,Same_Situation,One,IN4,Object,The,100
18,Same_Situation,One,AN2,Subject,The,100
18,Same_Situation,One,AN6,Subject,The,96
19,Same_Situation,One,IN3,Subject,The,97
19,Same_Situation,One,AN1,Subject,The,71
19,Same_Situation,One,AN5,Object,The,100
20,Same_Situation,One,IN4,Object,The,100
20,Same_Situation,One,AN2,Subject,The,100
20,Same_Situation,One,AN6,Subject,The,100
21,Same_Situation,One,IN4,Object,The,90
21,Same_Situation,One,AN2,Subject,The,90
21,Same_Situation,One,AN6,Subject,The,100
22,Same_Situation,One,IN3,Subject,The,80
22,Same_Situation,One,AN1,Subject,The,46
22,Same_Situation,One,AN5,Object,The,68
23,Same_Situation,One,IN1,Subject,The,100
23,Same_Situation,One,IN5,Object,The,89
23,Same_Situation,One,AN3,Subject,The,83
24,Same_Situation,One,IN1,Subject,The,89
24,Same_Situation,One,IN5,Object,The,8
24,Same_Situation,One,AN3,Subject,The,89
25,Same_Situation,One,IN1,Subject,The,100
25,Same_Situation,One,IN5,Object,The,97
25,Same_Situation,One,AN3,Subject,The,100
26,Same_Situation,One,IN2,Subject,The,91
26,Same_Situation,One,IN6,Subject,The,93
26,Same_Situation,One,AN4,Subject,The,91
27,Same_Situation,One,IN2,Subject,The,85
27,Same_Situation,One,IN6,Subject,The,77
27,Same_Situation,One,AN4,Subject,The,88
28,Same_Situation,One,IN3,Subject,The,100
28,Same_Situation,One,AN1,Subject,The,100
28,Same_Situation,One,AN5,Object,The,100
29,Same_Situation,One,IN2,Subject,The,90
29,Same_Situation,One,IN6,Subject,The,88
29,Same_Situation,One,AN4,Subject,The,93
30,Same_Situation,One,IN2,Subject,The,55
30,Same_Situation,One,IN6,Subject,The,86
30,Same_Situation,One,AN4,Subject,The,38
31,Same_Situation,One,IN4,Object,The,100
31,Same_Situation,One,AN2,Subject,The,100
31,Same_Situation,One,AN6,Subject,The,100
32,Same_Situation,One,IN3,Subject,The,100
32,Same_Situation,One,AN1,Subject,The,26
32,Same_Situation,One,AN5,Object,The,100
33,Same_Situation,One,IN1,Subject,The,100
33,Same_Situation,One,IN5,Object,The,100
33,Same_Situation,One,AN3,Subject,The,100
34,Same_Situation,One,IN2,Subject,The,91
34,Same_Situation,One,IN6,Subject,The,100
34,Same_Situation,One,AN4,Subject,The,100
35,Same_Situation,One,IN4,Object,The,100
35,Same_Situation,One,AN2,Subject,The,100
35,Same_Situation,One,AN6,Subject,The,100
37,Same_Situation,One,IN3,Subject,The,76
37,Same_Situation,One,AN1,Subject,The,100
37,Same_Situation,One,AN5,Object,The,67
38,Same_Situation,One,IN4,Object,The,65
38,Same_Situation,One,AN2,Subject,The,72
38,Same_Situation,One,AN6,Subject,The,71
40,Same_Situation,One,IN2,Subject,The,90
40,Same_Situation,One,IN6,Subject,The,90
40,Same_Situation,One,AN4,Subject,The,100
41,Same_Situation,One,IN1,Subject,The,90
41,Same_Situation,One,IN5,Object,The,95
41,Same_Situation,One,AN3,Subject,The,94
42,Same_Situation,One,IN2,Subject,The,100
42,Same_Situation,One,IN6,Subject,The,100
42,Same_Situation,One,AN4,Subject,The,100
43,Same_Situation,One,IN1,Subject,The,88
43,Same_Situation,One,IN5,Object,The,96
43,Same_Situation,One,AN3,Subject,The,89
44,Same_Situation,One,IN4,Object,The,100
44,Same_Situation,One,AN2,Subject,The,68
44,Same_Situation,One,AN6,Subject,The,100
46,Same_Situation,One,IN1,Subject,The,80
46,Same_Situation,One,IN5,Object,The,90
46,Same_Situation,One,AN3,Subject,The,81
47,Same_Situation,One,IN4,Object,The,81
47,Same_Situation,One,AN2,Subject,The,82
47,Same_Situation,One,AN6,Subject,The,85
48,Same_Situation,One,IN3,Subject,The,100
48,Same_Situation,One,AN1,Subject,The,98
48,Same_Situation,One,AN5,Object,The,99
49,Same_Situation,One,IN2,Subject,The,80
49,Same_Situation,One,IN6,Subject,The,84
49,Same_Situation,One,AN4,Subject,The,85
50,Same_Situation,One,IN4,Object,The,94
50,Same_Situation,One,AN2,Subject,The,85
50,Same_Situation,One,AN6,Subject,The,100
51,Same_Situation,One,IN3,Subject,The,100
51,Same_Situation,One,AN1,Subject,The,19
51,Same_Situation,One,AN5,Object,The,100
52,Same_Situation,One,IN4,Object,The,96
52,Same_Situation,One,AN2,Subject,The,97
52,Same_Situation,One,AN6,Subject,The,95
53,Same_Situation,One,IN4,Object,The,85
53,Same_Situation,One,AN2,Subject,The,78
53,Same_Situation,One,AN6,Subject,The,89
54,Same_Situation,One,IN3,Subject,The,97
54,Same_Situation,One,AN1,Subject,The,91
54,Same_Situation,One,AN5,Object,The,99
56,Same_Situation,One,IN1,Subject,The,68
56,Same_Situation,One,IN5,Object,The,95
56,Same_Situation,One,AN3,Subject,The,80
57,Same_Situation,One,IN1,Subject,The,91
57,Same_Situation,One,IN5,Object,The,69
57,Same_Situation,One,AN3,Subject,The,94
60,Same_Situation,One,IN1,Subject,The,100
60,Same_Situation,One,IN5,Object,The,100
60,Same_Situation,One,AN3,Subject,The,100
61,Same_Situation,One,IN1,Subject,The,100
61,Same_Situation,One,IN5,Object,The,100
61,Same_Situation,One,AN3,Subject,The,100
62,Same_Situation,One,IN2,Subject,The,90
62,Same_Situation,One,IN6,Subject,The,89
62,Same_Situation,One,AN4,Subject,The,81
63,Same_Situation,One,IN3,Subject,The,100
63,Same_Situation,One,AN1,Subject,The,90
63,Same_Situation,One,AN5,Object,The,100
64,Same_Situation,One,IN4,Object,The,86
64,Same_Situation,One,AN2,Subject,The,94
64,Same_Situation,One,AN6,Subject,The,84
2,New_Situation,Two,IN3,Object,That,100
2,New_Situation,Two,AN1,Subject,That,60
2,New_Situation,Two,AN5,Subject,That,91
4,New_Situation,Two,IN1,Object,That,50
4,New_Situation,Two,IN5,Object,That,28
4,New_Situation,Two,AN3,Object,That,41
5,New_Situation,Two,IN2,Object,That,45
5,New_Situation,Two,IN6,Object,That,60
5,New_Situation,Two,AN4,Object,That,40
6,New_Situation,Two,IN4,Subject,That,59
6,New_Situation,Two,AN2,Object,That,100
6,New_Situation,Two,AN6,Object,That,100
7,New_Situation,Two,IN3,Object,That,67
7,New_Situation,Two,AN1,Subject,That,59
7,New_Situation,Two,AN5,Subject,That,59
8,New_Situation,Two,IN2,Object,That,17
8,New_Situation,Two,IN6,Object,That,70
8,New_Situation,Two,AN4,Object,That,63
9,New_Situation,Two,IN2,Object,That,32
9,New_Situation,Two,IN6,Object,That,37
9,New_Situation,Two,AN4,Object,That,77
11,New_Situation,Two,IN4,Subject,That,94
11,New_Situation,Two,AN2,Object,That,0
11,New_Situation,Two,AN6,Object,That,0
12,New_Situation,Two,IN1,Object,That,100
12,New_Situation,Two,IN5,Object,That,38
12,New_Situation,Two,AN3,Object,That,100
13,New_Situation,Two,IN1,Object,That,0
13,New_Situation,Two,IN5,Object,That,17
13,New_Situation,Two,AN3,Object,That,28
14,New_Situation,Two,IN2,Object,That,0
14,New_Situation,Two,IN6,Object,That,59
14,New_Situation,Two,AN4,Object,That,86
15,New_Situation,Two,IN4,Subject,That,63
15,New_Situation,Two,AN2,Object,That,84
15,New_Situation,Two,AN6,Object,That,65
16,New_Situation,Two,IN4,Subject,That,9
16,New_Situation,Two,AN2,Object,That,33
16,New_Situation,Two,AN6,Object,That,9
17,New_Situation,Two,IN3,Object,That,13
17,New_Situation,Two,AN1,Subject,That,4
17,New_Situation,Two,AN5,Subject,That,0
18,New_Situation,Two,IN3,Object,That,100
18,New_Situation,Two,AN1,Subject,That,100
18,New_Situation,Two,AN5,Subject,That,75
19,New_Situation,Two,IN2,Object,That,0
19,New_Situation,Two,IN6,Object,That,0
19,New_Situation,Two,AN4,Object,That,63
20,New_Situation,Two,IN3,Object,That,100
20,New_Situation,Two,AN1,Subject,That,0
20,New_Situation,Two,AN5,Subject,That,0
21,New_Situation,Two,IN3,Object,That,90
21,New_Situation,Two,AN1,Subject,That,80
21,New_Situation,Two,AN5,Subject,That,90
22,New_Situation,Two,IN2,Object,That,35
22,New_Situation,Two,IN6,Object,That,27
22,New_Situation,Two,AN4,Object,That,78
23,New_Situation,Two,IN4,Subject,That,24
23,New_Situation,Two,AN2,Object,That,62
23,New_Situation,Two,AN6,Object,That,32
24,New_Situation,Two,IN4,Subject,That,8
24,New_Situation,Two,AN2,Object,That,8
24,New_Situation,Two,AN6,Object,That,6
25,New_Situation,Two,IN4,Subject,That,93
25,New_Situation,Two,AN2,Object,That,90
25,New_Situation,Two,AN6,Object,That,93
26,New_Situation,Two,IN1,Object,That,86
26,New_Situation,Two,IN5,Object,That,44
26,New_Situation,Two,AN3,Object,That,42
27,New_Situation,Two,IN1,Object,That,35
27,New_Situation,Two,IN5,Object,That,0
27,New_Situation,Two,AN3,Object,That,24
28,New_Situation,Two,IN2,Object,That,22
28,New_Situation,Two,IN6,Object,That,72
28,New_Situation,Two,AN4,Object,That,100
29,New_Situation,Two,IN1,Object,That,44
29,New_Situation,Two,IN5,Object,That,33
29,New_Situation,Two,AN3,Object,That,29
30,New_Situation,Two,IN1,Object,That,33
30,New_Situation,Two,IN5,Object,That,79
30,New_Situation,Two,AN3,Object,That,82
31,New_Situation,Two,IN3,Object,That,37
31,New_Situation,Two,AN1,Subject,That,61
31,New_Situation,Two,AN5,Subject,That,69
32,New_Situation,Two,IN2,Object,That,14
32,New_Situation,Two,IN6,Object,That,100
32,New_Situation,Two,AN4,Object,That,0
33,New_Situation,Two,IN4,Subject,That,18
33,New_Situation,Two,AN2,Object,That,0
33,New_Situation,Two,AN6,Object,That,9
34,New_Situation,Two,IN1,Object,That,77
34,New_Situation,Two,IN5,Object,That,84
34,New_Situation,Two,AN3,Object,That,72
35,New_Situation,Two,IN3,Object,That,30
35,New_Situation,Two,AN1,Subject,That,16
35,New_Situation,Two,AN5,Subject,That,32
37,New_Situation,Two,IN2,Object,That,38
37,New_Situation,Two,IN6,Object,That,37
37,New_Situation,Two,AN4,Object,That,58
38,New_Situation,Two,IN3,Object,That,72
38,New_Situation,Two,AN1,Subject,That,71
38,New_Situation,Two,AN5,Subject,That,77
40,New_Situation,Two,IN1,Object,That,65
40,New_Situation,Two,IN5,Object,That,40
40,New_Situation,Two,AN3,Object,That,70
41,New_Situation,Two,IN4,Subject,That,22
41,New_Situation,Two,AN2,Object,That,75
41,New_Situation,Two,AN6,Object,That,7
42,New_Situation,Two,IN1,Object,That,60
42,New_Situation,Two,IN5,Object,That,59
42,New_Situation,Two,AN3,Object,That,34
43,New_Situation,Two,IN4,Subject,That,67
43,New_Situation,Two,AN2,Object,That,97
43,New_Situation,Two,AN6,Object,That,84
44,New_Situation,Two,IN3,Object,That,72
44,New_Situation,Two,AN1,Subject,That,100
44,New_Situation,Two,AN5,Subject,That,71
46,New_Situation,Two,IN4,Subject,That,10
46,New_Situation,Two,AN2,Object,That,44
46,New_Situation,Two,AN6,Object,That,100
47,New_Situation,Two,IN3,Object,That,83
47,New_Situation,Two,AN1,Subject,That,84
47,New_Situation,Two,AN5,Subject,That,81
48,New_Situation,Two,IN2,Object,That,57
48,New_Situation,Two,IN6,Object,That,76
48,New_Situation,Two,AN4,Object,That,46
49,New_Situation,Two,IN1,Object,That,55
49,New_Situation,Two,IN5,Object,That,54
49,New_Situation,Two,AN3,Object,That,54
50,New_Situation,Two,IN3,Object,That,19
50,New_Situation,Two,AN1,Subject,That,4
50,New_Situation,Two,AN5,Subject,That,32
51,New_Situation,Two,IN2,Object,That,23
51,New_Situation,Two,IN6,Object,That,18
51,New_Situation,Two,AN4,Object,That,12
52,New_Situation,Two,IN3,Object,That,61
52,New_Situation,Two,AN1,Subject,That,94
52,New_Situation,Two,AN5,Subject,That,59
53,New_Situation,Two,IN3,Object,That,27
53,New_Situation,Two,AN1,Subject,That,17
53,New_Situation,Two,AN5,Subject,That,10
54,New_Situation,Two,IN2,Object,That,15
54,New_Situation,Two,IN6,Object,That,57
54,New_Situation,Two,AN4,Object,That,84
56,New_Situation,Two,IN4,Subject,That,85
56,New_Situation,Two,AN2,Object,That,85
56,New_Situation,Two,AN6,Object,That,84
57,New_Situation,Two,IN4,Subject,That,38
57,New_Situation,Two,AN2,Object,That,72
57,New_Situation,Two,AN6,Object,That,57
60,New_Situation,Two,IN4,Subject,That,80
60,New_Situation,Two,AN2,Object,That,0
60,New_Situation,Two,AN6,Object,That,100
61,New_Situation,Two,IN4,Subject,That,25
61,New_Situation,Two,AN2,Object,That,80
61,New_Situation,Two,AN6,Object,That,75
62,New_Situation,Two,IN1,Object,That,57
62,New_Situation,Two,IN5,Object,That,58
62,New_Situation,Two,AN3,Object,That,63
63,New_Situation,Two,IN2,Object,That,70
63,New_Situation,Two,IN6,Object,That,40
63,New_Situation,Two,AN4,Object,That,60
64,New_Situation,Two,IN3,Object,That,13
64,New_Situation,Two,AN1,Subject,That,51
64,New_Situation,Two,AN5,Subject,That,12
2,New_Situation,Two,IN3,Object,The,100
2,New_Situation,Two,AN1,Subject,The,100
2,New_Situation,Two,AN5,Subject,The,75
4,New_Situation,Two,IN1,Object,The,55
4,New_Situation,Two,IN5,Object,The,67
4,New_Situation,Two,AN3,Object,The,64
5,New_Situation,Two,IN2,Object,The,85
5,New_Situation,Two,IN6,Object,The,80
5,New_Situation,Two,AN4,Object,The,80
6,New_Situation,Two,IN4,Subject,The,100
6,New_Situation,Two,AN2,Object,The,75
6,New_Situation,Two,AN6,Object,The,76
7,New_Situation,Two,IN3,Object,The,87
7,New_Situation,Two,AN1,Subject,The,91
7,New_Situation,Two,AN5,Subject,The,100
8,New_Situation,Two,IN2,Object,The,78
8,New_Situation,Two,IN6,Object,The,75
8,New_Situation,Two,AN4,Object,The,63
9,New_Situation,Two,IN2,Object,The,73
9,New_Situation,Two,IN6,Object,The,81
9,New_Situation,Two,AN4,Object,The,61
11,New_Situation,Two,IN4,Subject,The,94
11,New_Situation,Two,AN2,Object,The,86
11,New_Situation,Two,AN6,Object,The,90
12,New_Situation,Two,IN1,Object,The,100
12,New_Situation,Two,IN5,Object,The,100
12,New_Situation,Two,AN3,Object,The,100
13,New_Situation,Two,IN1,Object,The,26
13,New_Situation,Two,IN5,Object,The,79
13,New_Situation,Two,AN3,Object,The,86
14,New_Situation,Two,IN2,Object,The,100
14,New_Situation,Two,IN6,Object,The,100
14,New_Situation,Two,AN4,Object,The,64
15,New_Situation,Two,IN4,Subject,The,88
15,New_Situation,Two,AN2,Object,The,88
15,New_Situation,Two,AN6,Object,The,93
16,New_Situation,Two,IN4,Subject,The,88
16,New_Situation,Two,AN2,Object,The,91
16,New_Situation,Two,AN6,Object,The,88
17,New_Situation,Two,IN3,Object,The,97
17,New_Situation,Two,AN1,Subject,The,100
17,New_Situation,Two,AN5,Subject,The,100
18,New_Situation,Two,IN3,Object,The,92
18,New_Situation,Two,AN1,Subject,The,100
18,New_Situation,Two,AN5,Subject,The,100
19,New_Situation,Two,IN2,Object,The,100
19,New_Situation,Two,IN6,Object,The,100
19,New_Situation,Two,AN4,Object,The,100
20,New_Situation,Two,IN3,Object,The,100
20,New_Situation,Two,AN1,Subject,The,100
20,New_Situation,Two,AN5,Subject,The,100
21,New_Situation,Two,IN3,Object,The,90
21,New_Situation,Two,AN1,Subject,The,90
21,New_Situation,Two,AN5,Subject,The,85
22,New_Situation,Two,IN2,Object,The,70
22,New_Situation,Two,IN6,Object,The,79
22,New_Situation,Two,AN4,Object,The,27
23,New_Situation,Two,IN4,Subject,The,85
23,New_Situation,Two,AN2,Object,The,95
23,New_Situation,Two,AN6,Object,The,81
24,New_Situation,Two,IN4,Subject,The,90
24,New_Situation,Two,AN2,Object,The,76
24,New_Situation,Two,AN6,Object,The,84
25,New_Situation,Two,IN4,Subject,The,100
25,New_Situation,Two,AN2,Object,The,100
25,New_Situation,Two,AN6,Object,The,100
26,New_Situation,Two,IN1,Object,The,99
26,New_Situation,Two,IN5,Object,The,94
26,New_Situation,Two,AN3,Object,The,93
27,New_Situation,Two,IN1,Object,The,62
27,New_Situation,Two,IN5,Object,The,100
27,New_Situation,Two,AN3,Object,The,72
28,New_Situation,Two,IN2,Object,The,100
28,New_Situation,Two,IN6,Object,The,100
28,New_Situation,Two,AN4,Object,The,100
29,New_Situation,Two,IN1,Object,The,94
29,New_Situation,Two,IN5,Object,The,90
29,New_Situation,Two,AN3,Object,The,96
30,New_Situation,Two,IN1,Object,The,82
30,New_Situation,Two,IN5,Object,The,55
30,New_Situation,Two,AN3,Object,The,90
31,New_Situation,Two,IN3,Object,The,90
31,New_Situation,Two,AN1,Subject,The,100
31,New_Situation,Two,AN5,Subject,The,100
32,New_Situation,Two,IN2,Object,The,100
32,New_Situation,Two,IN6,Object,The,75
32,New_Situation,Two,AN4,Object,The,100
33,New_Situation,Two,IN4,Subject,The,100
33,New_Situation,Two,AN2,Object,The,100
33,New_Situation,Two,AN6,Object,The,100
34,New_Situation,Two,IN1,Object,The,100
34,New_Situation,Two,IN5,Object,The,96
34,New_Situation,Two,AN3,Object,The,87
35,New_Situation,Two,IN3,Object,The,100
35,New_Situation,Two,AN1,Subject,The,100
35,New_Situation,Two,AN5,Subject,The,98
37,New_Situation,Two,IN2,Object,The,100
37,New_Situation,Two,IN6,Object,The,78
37,New_Situation,Two,AN4,Object,The,74
38,New_Situation,Two,IN3,Object,The,72
38,New_Situation,Two,AN1,Subject,The,72
38,New_Situation,Two,AN5,Subject,The,70
40,New_Situation,Two,IN1,Object,The,90
40,New_Situation,Two,IN5,Object,The,100
40,New_Situation,Two,AN3,Object,The,90
41,New_Situation,Two,IN4,Subject,The,93
41,New_Situation,Two,AN2,Object,The,95
41,New_Situation,Two,AN6,Object,The,100
42,New_Situation,Two,IN1,Object,The,57
42,New_Situation,Two,IN5,Object,The,100
42,New_Situation,Two,AN3,Object,The,100
43,New_Situation,Two,IN4,Subject,The,97
43,New_Situation,Two,AN2,Object,The,97
43,New_Situation,Two,AN6,Object,The,94
44,New_Situation,Two,IN3,Object,The,92
44,New_Situation,Two,AN1,Subject,The,78
44,New_Situation,Two,AN5,Subject,The,62
46,New_Situation,Two,IN4,Subject,The,95
46,New_Situation,Two,AN2,Object,The,96
46,New_Situation,Two,AN6,Object,The,100
47,New_Situation,Two,IN3,Object,The,84
47,New_Situation,Two,AN1,Subject,The,84
47,New_Situation,Two,AN5,Subject,The,80
48,New_Situation,Two,IN2,Object,The,99
48,New_Situation,Two,IN6,Object,The,97
48,New_Situation,Two,AN4,Object,The,64
49,New_Situation,Two,IN1,Object,The,74
49,New_Situation,Two,IN5,Object,The,78
49,New_Situation,Two,AN3,Object,The,84
50,New_Situation,Two,IN3,Object,The,80
50,New_Situation,Two,AN1,Subject,The,95
50,New_Situation,Two,AN5,Subject,The,100
51,New_Situation,Two,IN2,Object,The,100
51,New_Situation,Two,IN6,Object,The,100
51,New_Situation,Two,AN4,Object,The,100
52,New_Situation,Two,IN3,Object,The,98
52,New_Situation,Two,AN1,Subject,The,94
52,New_Situation,Two,AN5,Subject,The,94
53,New_Situation,Two,IN3,Object,The,87
53,New_Situation,Two,AN1,Subject,The,18
53,New_Situation,Two,AN5,Subject,The,95
54,New_Situation,Two,IN2,Object,The,97
54,New_Situation,Two,IN6,Object,The,97
54,New_Situation,Two,AN4,Object,The,100
56,New_Situation,Two,IN4,Subject,The,82
56,New_Situation,Two,AN2,Object,The,81
56,New_Situation,Two,AN6,Object,The,74
57,New_Situation,Two,IN4,Subject,The,73
57,New_Situation,Two,AN2,Object,The,35
57,New_Situation,Two,AN6,Object,The,88
60,New_Situation,Two,IN4,Subject,The,100
60,New_Situation,Two,AN2,Object,The,100
60,New_Situation,Two,AN6,Object,The,100
61,New_Situation,Two,IN4,Subject,The,100
61,New_Situation,Two,AN2,Object,The,100
61,New_Situation,Two,AN6,Object,The,95
62,New_Situation,Two,IN1,Object,The,92
62,New_Situation,Two,IN5,Object,The,89
62,New_Situation,Two,AN3,Object,The,85
63,New_Situation,Two,IN2,Object,The,100
63,New_Situation,Two,IN6,Object,The,100
63,New_Situation,Two,AN4,Object,The,100
64,New_Situation,Two,IN3,Object,The,76
64,New_Situation,Two,AN1,Subject,The,51
64,New_Situation,Two,AN5,Subject,The,78
2,New_Situation,One,IN2,Object,That,74
2,New_Situation,One,IN6,Object,That,65
2,New_Situation,One,AN4,Object,That,100
4,New_Situation,One,IN4,Subject,That,75
4,New_Situation,One,AN2,Object,That,58
4,New_Situation,One,AN6,Object,That,76
5,New_Situation,One,IN1,Object,That,75
5,New_Situation,One,IN5,Object,That,40
5,New_Situation,One,AN3,Object,That,45
6,New_Situation,One,IN3,Object,That,53
6,New_Situation,One,AN1,Subject,That,85
6,New_Situation,One,AN5,Subject,That,92
7,New_Situation,One,IN2,Object,That,77
7,New_Situation,One,IN6,Object,That,75
7,New_Situation,One,AN4,Object,That,100
8,New_Situation,One,IN1,Object,That,75
8,New_Situation,One,IN5,Object,That,67
8,New_Situation,One,AN3,Object,That,22
9,New_Situation,One,IN1,Object,That,77
9,New_Situation,One,IN5,Object,That,64
9,New_Situation,One,AN3,Object,That,52
11,New_Situation,One,IN3,Object,That,3
11,New_Situation,One,AN1,Subject,That,3
11,New_Situation,One,AN5,Subject,That,0
12,New_Situation,One,IN4,Subject,That,93
12,New_Situation,One,AN2,Object,That,100
12,New_Situation,One,AN6,Object,That,98
13,New_Situation,One,IN4,Subject,That,16
13,New_Situation,One,AN2,Object,That,67
13,New_Situation,One,AN6,Object,That,13
14,New_Situation,One,IN1,Object,That,77
14,New_Situation,One,IN5,Object,That,0
14,New_Situation,One,AN3,Object,That,63
15,New_Situation,One,IN3,Object,That,19
15,New_Situation,One,AN1,Subject,That,81
15,New_Situation,One,AN5,Subject,That,59
16,New_Situation,One,IN3,Object,That,22
16,New_Situation,One,AN1,Subject,That,10
16,New_Situation,One,AN5,Subject,That,21
17,New_Situation,One,IN2,Object,That,0
17,New_Situation,One,IN6,Object,That,100
17,New_Situation,One,AN4,Object,That,0
18,New_Situation,One,IN2,Object,That,100
18,New_Situation,One,IN6,Object,That,70
18,New_Situation,One,AN4,Object,That,79
19,New_Situation,One,IN1,Object,That,0
19,New_Situation,One,IN5,Object,That,100
19,New_Situation,One,AN3,Object,That,100
20,New_Situation,One,IN2,Object,That,75
20,New_Situation,One,IN6,Object,That,100
20,New_Situation,One,AN4,Object,That,100
21,New_Situation,One,IN2,Object,That,90
21,New_Situation,One,IN6,Object,That,85
21,New_Situation,One,AN4,Object,That,90
22,New_Situation,One,IN1,Object,That,33
22,New_Situation,One,IN5,Object,That,66
22,New_Situation,One,AN3,Object,That,32
23,New_Situation,One,IN3,Object,That,25
23,New_Situation,One,AN1,Subject,That,30
23,New_Situation,One,AN5,Subject,That,34
24,New_Situation,One,IN3,Object,That,6
24,New_Situation,One,AN1,Subject,That,6
24,New_Situation,One,AN5,Subject,That,13
25,New_Situation,One,IN3,Object,That,100
25,New_Situation,One,AN1,Subject,That,97
25,New_Situation,One,AN5,Subject,That,97
26,New_Situation,One,IN4,Subject,That,39
26,New_Situation,One,AN2,Object,That,75
26,New_Situation,One,AN6,Object,That,78
27,New_Situation,One,IN4,Subject,That,74
27,New_Situation,One,AN2,Object,That,78
27,New_Situation,One,AN6,Object,That,69
28,New_Situation,One,IN1,Object,That,100
28,New_Situation,One,IN5,Object,That,100
28,New_Situation,One,AN3,Object,That,100
29,New_Situation,One,IN4,Subject,That,39
29,New_Situation,One,AN2,Object,That,86
29,New_Situation,One,AN6,Object,That,34
30,New_Situation,One,IN4,Subject,That,54
30,New_Situation,One,AN2,Object,That,87
30,New_Situation,One,AN6,Object,That,89
31,New_Situation,One,IN2,Object,That,63
31,New_Situation,One,IN6,Object,That,62
31,New_Situation,One,AN4,Object,That,75
32,New_Situation,One,IN1,Object,That,100
32,New_Situation,One,IN5,Object,That,100
32,New_Situation,One,AN3,Object,That,0
33,New_Situation,One,IN3,Object,That,6
33,New_Situation,One,AN1,Subject,That,9
33,New_Situation,One,AN5,Subject,That,28
34,New_Situation,One,IN4,Subject,That,69
34,New_Situation,One,AN2,Object,That,81
34,New_Situation,One,AN6,Object,That,86
35,New_Situation,One,IN2,Object,That,67
35,New_Situation,One,IN6,Object,That,74
35,New_Situation,One,AN4,Object,That,67
37,New_Situation,One,IN1,Object,That,72
37,New_Situation,One,IN5,Object,That,40
37,New_Situation,One,AN3,Object,That,60
38,New_Situation,One,IN2,Object,That,72
38,New_Situation,One,IN6,Object,That,71
38,New_Situation,One,AN4,Object,That,74
40,New_Situation,One,IN4,Subject,That,60
40,New_Situation,One,AN2,Object,That,85
40,New_Situation,One,AN6,Object,That,20
41,New_Situation,One,IN3,Object,That,91
41,New_Situation,One,AN1,Subject,That,89
41,New_Situation,One,AN5,Subject,That,86
42,New_Situation,One,IN4,Subject,That,44
42,New_Situation,One,AN2,Object,That,100
42,New_Situation,One,AN6,Object,That,65
43,New_Situation,One,IN3,Object,That,25
43,New_Situation,One,AN1,Subject,That,92
43,New_Situation,One,AN5,Subject,That,96
44,New_Situation,One,IN2,Object,That,100
44,New_Situation,One,IN6,Object,That,100
44,New_Situation,One,AN4,Object,That,100
46,New_Situation,One,IN3,Object,That,30
46,New_Situation,One,AN1,Subject,That,80
46,New_Situation,One,AN5,Subject,That,85
47,New_Situation,One,IN2,Object,That,87
47,New_Situation,One,IN6,Object,That,82
47,New_Situation,One,AN4,Object,That,76
48,New_Situation,One,IN1,Object,That,66
48,New_Situation,One,IN5,Object,That,72
48,New_Situation,One,AN3,Object,That,52
49,New_Situation,One,IN4,Subject,That,56
49,New_Situation,One,AN2,Object,That,55
49,New_Situation,One,AN6,Object,That,59
50,New_Situation,One,IN2,Object,That,75
50,New_Situation,One,IN6,Object,That,100
50,New_Situation,One,AN4,Object,That,24
51,New_Situation,One,IN1,Object,That,68
51,New_Situation,One,IN5,Object,That,39
51,New_Situation,One,AN3,Object,That,43
52,New_Situation,One,IN2,Object,That,86
52,New_Situation,One,IN6,Object,That,83
52,New_Situation,One,AN4,Object,That,88
53,New_Situation,One,IN2,Object,That,31
53,New_Situation,One,IN6,Object,That,52
53,New_Situation,One,AN4,Object,That,52
54,New_Situation,One,IN1,Object,That,66
54,New_Situation,One,IN5,Object,That,20
54,New_Situation,One,AN3,Object,That,70
56,New_Situation,One,IN3,Object,That,65
56,New_Situation,One,AN1,Subject,That,85
56,New_Situation,One,AN5,Subject,That,77
57,New_Situation,One,IN3,Object,That,76
57,New_Situation,One,AN1,Subject,That,63
57,New_Situation,One,AN5,Subject,That,55
60,New_Situation,One,IN3,Object,That,100
60,New_Situation,One,AN1,Subject,That,86
60,New_Situation,One,AN5,Subject,That,100
61,New_Situation,One,IN3,Object,That,85
61,New_Situation,One,AN1,Subject,That,100
61,New_Situation,One,AN5,Subject,That,85
62,New_Situation,One,IN4,Subject,That,57
62,New_Situation,One,AN2,Object,That,82
62,New_Situation,One,AN6,Object,That,44
63,New_Situation,One,IN1,Object,That,70
63,New_Situation,One,IN5,Object,That,65
63,New_Situation,One,AN3,Object,That,65
64,New_Situation,One,IN2,Object,That,56
64,New_Situation,One,IN6,Object,That,72
64,New_Situation,One,AN4,Object,That,66
2,New_Situation,One,IN2,Object,The,100
2,New_Situation,One,IN6,Object,The,100
2,New_Situation,One,AN4,Object,The,80
4,New_Situation,One,IN4,Subject,The,95
4,New_Situation,One,AN2,Object,The,58
4,New_Situation,One,AN6,Object,The,69
5,New_Situation,One,IN1,Object,The,80
5,New_Situation,One,IN5,Object,The,80
5,New_Situation,One,AN3,Object,The,65
6,New_Situation,One,IN3,Object,The,91
6,New_Situation,One,AN1,Subject,The,74
6,New_Situation,One,AN5,Subject,The,61
7,New_Situation,One,IN2,Object,The,88
7,New_Situation,One,IN6,Object,The,82
7,New_Situation,One,AN4,Object,The,30
8,New_Situation,One,IN1,Object,The,20
8,New_Situation,One,IN5,Object,The,71
8,New_Situation,One,AN3,Object,The,75
9,New_Situation,One,IN1,Object,The,67
9,New_Situation,One,IN5,Object,The,77
9,New_Situation,One,AN3,Object,The,71
11,New_Situation,One,IN3,Object,The,82
11,New_Situation,One,AN1,Subject,The,95
11,New_Situation,One,AN5,Subject,The,98
12,New_Situation,One,IN4,Subject,The,96
12,New_Situation,One,AN2,Object,The,100
12,New_Situation,One,AN6,Object,The,43
13,New_Situation,One,IN4,Subject,The,87
13,New_Situation,One,AN2,Object,The,41
13,New_Situation,One,AN6,Object,The,86
14,New_Situation,One,IN1,Object,The,78
14,New_Situation,One,IN5,Object,The,100
14,New_Situation,One,AN3,Object,The,79
15,New_Situation,One,IN3,Object,The,96
15,New_Situation,One,AN1,Subject,The,72
15,New_Situation,One,AN5,Subject,The,93
16,New_Situation,One,IN3,Object,The,93
16,New_Situation,One,AN1,Subject,The,89
16,New_Situation,One,AN5,Subject,The,88
17,New_Situation,One,IN2,Object,The,91
17,New_Situation,One,IN6,Object,The,76
17,New_Situation,One,AN4,Object,The,100
18,New_Situation,One,IN2,Object,The,100
18,New_Situation,One,IN6,Object,The,99
18,New_Situation,One,AN4,Object,The,100
19,New_Situation,One,IN1,Object,The,100
19,New_Situation,One,IN5,Object,The,100
19,New_Situation,One,AN3,Object,The,100
20,New_Situation,One,IN2,Object,The,100
20,New_Situation,One,IN6,Object,The,100
20,New_Situation,One,AN4,Object,The,100
21,New_Situation,One,IN2,Object,The,85
21,New_Situation,One,IN6,Object,The,90
21,New_Situation,One,AN4,Object,The,80
22,New_Situation,One,IN1,Object,The,68
22,New_Situation,One,IN5,Object,The,30
22,New_Situation,One,AN3,Object,The,81
23,New_Situation,One,IN3,Object,The,88
23,New_Situation,One,AN1,Subject,The,84
23,New_Situation,One,AN5,Subject,The,67
24,New_Situation,One,IN3,Object,The,79
24,New_Situation,One,AN1,Subject,The,85
24,New_Situation,One,AN5,Subject,The,77
25,New_Situation,One,IN3,Object,The,97
25,New_Situation,One,AN1,Subject,The,100
25,New_Situation,One,AN5,Subject,The,100
26,New_Situation,One,IN4,Subject,The,85
26,New_Situation,One,AN2,Object,The,70
26,New_Situation,One,AN6,Object,The,71
27,New_Situation,One,IN4,Subject,The,25
27,New_Situation,One,AN2,Object,The,25
27,New_Situation,One,AN6,Object,The,25
28,New_Situation,One,IN1,Object,The,100
28,New_Situation,One,IN5,Object,The,100
28,New_Situation,One,AN3,Object,The,100
29,New_Situation,One,IN4,Subject,The,86
29,New_Situation,One,AN2,Object,The,72
29,New_Situation,One,AN6,Object,The,88
30,New_Situation,One,IN4,Subject,The,100
30,New_Situation,One,AN2,Object,The,20
30,New_Situation,One,AN6,Object,The,67
31,New_Situation,One,IN2,Object,The,100
31,New_Situation,One,IN6,Object,The,100
31,New_Situation,One,AN4,Object,The,100
32,New_Situation,One,IN1,Object,The,70
32,New_Situation,One,IN5,Object,The,27
32,New_Situation,One,AN3,Object,The,100
33,New_Situation,One,IN3,Object,The,100
33,New_Situation,One,AN1,Subject,The,100
33,New_Situation,One,AN5,Subject,The,100
34,New_Situation,One,IN4,Subject,The,90
34,New_Situation,One,AN2,Object,The,91
34,New_Situation,One,AN6,Object,The,93
35,New_Situation,One,IN2,Object,The,100
35,New_Situation,One,IN6,Object,The,100
35,New_Situation,One,AN4,Object,The,100
37,New_Situation,One,IN1,Object,The,70
37,New_Situation,One,IN5,Object,The,100
37,New_Situation,One,AN3,Object,The,79
38,New_Situation,One,IN2,Object,The,62
38,New_Situation,One,IN6,Object,The,72
38,New_Situation,One,AN4,Object,The,74
40,New_Situation,One,IN4,Subject,The,90
40,New_Situation,One,AN2,Object,The,65
40,New_Situation,One,AN6,Object,The,90
41,New_Situation,One,IN3,Object,The,100
41,New_Situation,One,AN1,Subject,The,98
41,New_Situation,One,AN5,Subject,The,91
42,New_Situation,One,IN4,Subject,The,100
42,New_Situation,One,AN2,Object,The,100
42,New_Situation,One,AN6,Object,The,100
43,New_Situation,One,IN3,Object,The,83
43,New_Situation,One,AN1,Subject,The,77
43,New_Situation,One,AN5,Subject,The,94
44,New_Situation,One,IN2,Object,The,62
44,New_Situation,One,IN6,Object,The,70
44,New_Situation,One,AN4,Object,The,63
46,New_Situation,One,IN3,Object,The,90
46,New_Situation,One,AN1,Subject,The,35
46,New_Situation,One,AN5,Subject,The,70
47,New_Situation,One,IN2,Object,The,88
47,New_Situation,One,IN6,Object,The,82
47,New_Situation,One,AN4,Object,The,77
48,New_Situation,One,IN1,Object,The,100
48,New_Situation,One,IN5,Object,The,99
48,New_Situation,One,AN3,Object,The,98
49,New_Situation,One,IN4,Subject,The,83
49,New_Situation,One,AN2,Object,The,65
49,New_Situation,One,AN6,Object,The,80
50,New_Situation,One,IN2,Object,The,60
50,New_Situation,One,IN6,Object,The,75
50,New_Situation,One,AN4,Object,The,74
51,New_Situation,One,IN1,Object,The,83
51,New_Situation,One,IN5,Object,The,100
51,New_Situation,One,AN3,Object,The,100
52,New_Situation,One,IN2,Object,The,93
52,New_Situation,One,IN6,Object,The,91
52,New_Situation,One,AN4,Object,The,92
53,New_Situation,One,IN2,Object,The,88
53,New_Situation,One,IN6,Object,The,85
53,New_Situation,One,AN4,Object,The,52
54,New_Situation,One,IN1,Object,The,87
54,New_Situation,One,IN5,Object,The,93
54,New_Situation,One,AN3,Object,The,100
56,New_Situation,One,IN3,Object,The,83
56,New_Situation,One,AN1,Subject,The,70
56,New_Situation,One,AN5,Subject,The,80
57,New_Situation,One,IN3,Object,The,78
57,New_Situation,One,AN1,Subject,The,68
57,New_Situation,One,AN5,Subject,The,76
60,New_Situation,One,IN3,Object,The,100
60,New_Situation,One,AN1,Subject,The,100
60,New_Situation,One,AN5,Subject,The,100
61,New_Situation,One,IN3,Object,The,100
61,New_Situation,One,AN1,Subject,The,100
61,New_Situation,One,AN5,Subject,The,86
62,New_Situation,One,IN4,Subject,The,77
62,New_Situation,One,AN2,Object,The,68
62,New_Situation,One,AN6,Object,The,66
63,New_Situation,One,IN1,Object,The,100
63,New_Situation,One,IN5,Object,The,90
63,New_Situation,One,AN3,Object,The,90
64,New_Situation,One,IN2,Object,The,78
64,New_Situation,One,IN6,Object,The,73
64,New_Situation,One,AN4,Object,The,71