"ID","Situation","Referents","Scenario","Syntactic_Position","Definiteness","Rating"
1,"Same_Situation","One","IN1","Subject","That",90
1,"Same_Situation","One","IN1","Subject","The",100
1,"Same_Situation","Two","IN2","Subject","That",100
1,"Same_Situation","Two","IN2","Subject","The",90
1,"New_Situation","One","IN3","Object","That",100
1,"New_Situation","One","IN3","Object","The",70
1,"New_Situation","Two","IN4","Object","That",100
1,"New_Situation","Two","IN4","Object","The",30
1,"Same_Situation","One","IN5","Subject","That",100
1,"Same_Situation","One","IN5","Subject","The",77
1,"Same_Situation","Two","IN6","Subject","The",100
1,"Same_Situation","Two","IN6","Subject","That",68
1,"New_Situation","One","AN1","Object","The",43
1,"New_Situation","One","AN1","Object","That",100
1,"New_Situation","Two","AN2","Object","That",100
1,"New_Situation","Two","AN2","Object","The",40
1,"Same_Situation","One","AN3","Subject","The",89
1,"Same_Situation","One","AN3","Subject","That",73
1,"Same_Situation","Two","AN4","Subject","The",85
1,"Same_Situation","Two","AN4","Subject","That",77
1,"New_Situation","One","AN5","Subject","The",35
1,"New_Situation","One","AN5","Subject","That",100
1,"New_Situation","Two","AN6","Object","The",65
1,"New_Situation","Two","AN6","Object","That",100
2,"Same_Situation","Two","IN1","Subject","The",57
2,"Same_Situation","Two","IN1","Subject","That",82
2,"New_Situation","One","IN2","Object","That",83
2,"New_Situation","One","IN2","Object","The",72
2,"New_Situation","Two","IN3","Object","The",67
2,"New_Situation","Two","IN3","Object","That",73
2,"Same_Situation","One","IN4","Subject","The",59
2,"Same_Situation","One","IN4","Subject","That",73
2,"Same_Situation","Two","IN5","Subject","That",69
2,"Same_Situation","Two","IN5","Subject","The",55
2,"New_Situation","One","IN6","Object","That",82
2,"New_Situation","One","IN6","Object","The",56
2,"New_Situation","Two","AN1","Object","That",73
2,"New_Situation","Two","AN1","Object","The",32
2,"Same_Situation","One","AN2","Subject","That",85
2,"Same_Situation","One","AN2","Subject","The",56
2,"Same_Situation","Two","AN3","Subject","That",74
2,"Same_Situation","Two","AN3","Subject","The",60
2,"New_Situation","One","AN4","Object","The",61
2,"New_Situation","One","AN4","Object","That",75
2,"New_Situation","Two","AN5","Subject","The",40
2,"New_Situation","Two","AN5","Subject","That",82
2,"Same_Situation","One","AN6","Subject","The",62
2,"Same_Situation","One","AN6","Subject","That",76
3,"New_Situation","Two","IN1","Object","That",97
3,"New_Situation","Two","IN1","Object","The",49
3,"Same_Situation","One","IN2","Subject","The",16
3,"Same_Situation","One","IN2","Subject","That",97
3,"Same_Situation","Two","IN3","Subject","The",26
3,"Same_Situation","Two","IN3","Subject","That",100
3,"New_Situation","One","IN4","Object","That",96
3,"New_Situation","One","IN4","Object","The",44
3,"New_Situation","Two","IN5","Object","The",51
3,"New_Situation","Two","IN5","Object","That",89
3,"Same_Situation","One","IN6","Subject","The",15
3,"Same_Situation","One","IN6","Subject","That",95
3,"Same_Situation","Two","AN1","Subject","That",90
3,"Same_Situation","Two","AN1","Subject","The",17
3,"New_Situation","One","AN2","Object","The",42
3,"New_Situation","One","AN2","Object","That",94
3,"New_Situation","Two","AN3","Object","The",51
3,"New_Situation","Two","AN3","Object","That",93
3,"Same_Situation","One","AN4","Subject","That",86
3,"Same_Situation","One","AN4","Subject","The",56
3,"Same_Situation","Two","AN5","Object","That",87
3,"Same_Situation","Two","AN5","Object","The",33
3,"New_Situation","One","AN6","Object","That",36
3,"New_Situation","One","AN6","Object","The",34
4,"New_Situation","One","IN1","Object","The",41
4,"New_Situation","One","IN1","Object","That",89
4,"New_Situation","Two","IN2","Object","The",71
4,"New_Situation","Two","IN2","Object","That",89
4,"Same_Situation","One","IN3","Subject","That",99
4,"Same_Situation","One","IN3","Subject","The",64
4,"Same_Situation","Two","IN4","Subject","The",74
4,"Same_Situation","Two","IN4","Subject","That",94
4,"New_Situation","One","IN5","Object","The",67
4,"New_Situation","One","IN5","Object","That",92
4,"New_Situation","Two","IN6","Object","That",98
4,"New_Situation","Two","IN6","Object","The",37
4,"Same_Situation","One","AN1","Subject","The",58
4,"Same_Situation","One","AN1","Subject","That",88
4,"Same_Situation","Two","AN2","Subject","The",60
4,"Same_Situation","Two","AN2","Subject","That",82
4,"New_Situation","One","AN3","Object","That",95
4,"New_Situation","One","AN3","Object","The",62
4,"New_Situation","Two","AN4","Object","That",88
4,"New_Situation","Two","AN4","Object","The",30
4,"Same_Situation","One","AN5","Object","That",60
4,"Same_Situation","One","AN5","Object","The",94
4,"Same_Situation","Two","AN6","Subject","That",81
4,"Same_Situation","Two","AN6","Subject","The",75
5,"New_Situation","Two","IN1","Object","That",100
5,"New_Situation","Two","IN1","Object","The",82
5,"Same_Situation","One","IN2","Subject","The",64
5,"Same_Situation","One","IN2","Subject","That",96
5,"Same_Situation","Two","IN3","Subject","The",30
5,"Same_Situation","Two","IN3","Subject","That",95
5,"New_Situation","One","IN4","Object","That",100
5,"New_Situation","One","IN4","Object","The",37
5,"New_Situation","Two","IN5","Object","The",100
5,"New_Situation","Two","IN5","Object","That",100
5,"Same_Situation","One","IN6","Subject","The",100
5,"Same_Situation","One","IN6","Subject","That",100
5,"Same_Situation","Two","AN1","Subject","That",100
5,"Same_Situation","Two","AN1","Subject","The",100
5,"New_Situation","One","AN2","Object","The",4
5,"New_Situation","One","AN2","Object","That",87
5,"New_Situation","Two","AN3","Object","The",29
5,"New_Situation","Two","AN3","Object","That",100
5,"Same_Situation","One","AN4","Subject","That",22
5,"Same_Situation","One","AN4","Subject","The",100
5,"Same_Situation","Two","AN5","Object","That",100
5,"Same_Situation","Two","AN5","Object","The",96
5,"New_Situation","One","AN6","Object","That",100
5,"New_Situation","One","AN6","Object","The",40
6,"Same_Situation","Two","IN1","Subject","The",73
6,"Same_Situation","Two","IN1","Subject","That",100
6,"New_Situation","One","IN2","Object","That",100
6,"New_Situation","One","IN2","Object","The",70
6,"New_Situation","Two","IN3","Object","The",85
6,"New_Situation","Two","IN3","Object","That",100
6,"Same_Situation","One","IN4","Subject","The",86
6,"Same_Situation","One","IN4","Subject","That",100
6,"Same_Situation","Two","IN5","Subject","That",100
6,"Same_Situation","Two","IN5","Subject","The",71
6,"New_Situation","One","IN6","Object","That",100
6,"New_Situation","One","IN6","Object","The",90
6,"New_Situation","Two","AN1","Object","That",87
6,"New_Situation","Two","AN1","Object","The",81
6,"Same_Situation","One","AN2","Subject","That",100
6,"Same_Situation","One","AN2","Subject","The",67
6,"Same_Situation","Two","AN3","Subject","That",93
6,"Same_Situation","Two","AN3","Subject","The",83
6,"New_Situation","One","AN4","Object","The",35
6,"New_Situation","One","AN4","Object","That",94
6,"New_Situation","Two","AN5","Subject","The",64
6,"New_Situation","Two","AN5","Subject","That",91
6,"Same_Situation","One","AN6","Subject","The",61
6,"Same_Situation","One","AN6","Subject","That",100
7,"New_Situation","One","IN1","Object","The",65
7,"New_Situation","One","IN1","Object","That",72
7,"New_Situation","Two","IN2","Object","The",70
7,"New_Situation","Two","IN2","Object","That",70
7,"Same_Situation","One","IN3","Subject","That",75
7,"Same_Situation","One","IN3","Subject","The",50
7,"Same_Situation","Two","IN4","Subject","The",65
7,"Same_Situation","Two","IN4","Subject","That",72
7,"New_Situation","One","IN5","Object","The",72
7,"New_Situation","One","IN5","Object","That",81
7,"New_Situation","Two","IN6","Object","That",83
7,"New_Situation","Two","IN6","Object","The",28
7,"Same_Situation","One","AN1","Subject","The",65
7,"Same_Situation","One","AN1","Subject","That",65
7,"Same_Situation","Two","AN2","Subject","The",58
7,"Same_Situation","Two","AN2","Subject","That",52
7,"New_Situation","One","AN3","Object","That",82
7,"New_Situation","One","AN3","Object","The",56
7,"New_Situation","Two","AN4","Object","That",90
7,"New_Situation","Two","AN4","Object","The",55
7,"Same_Situation","One","AN5","Object","That",68
7,"Same_Situation","One","AN5","Object","The",72
7,"Same_Situation","Two","AN6","Subject","That",68
7,"Same_Situation","Two","AN6","Subject","The",49
8,"Same_Situation","One","IN1","Subject","That",100
8,"Same_Situation","One","IN1","Subject","The",100
8,"Same_Situation","Two","IN2","Subject","That",100
8,"Same_Situation","Two","IN2","Subject","The",96
8,"New_Situation","One","IN3","Object","That",100
8,"New_Situation","One","IN3","Object","The",14
8,"New_Situation","Two","IN4","Object","That",100
8,"New_Situation","Two","IN4","Object","The",35
8,"Same_Situation","One","IN5","Subject","That",100
8,"Same_Situation","One","IN5","Subject","The",95
8,"Same_Situation","Two","IN6","Subject","The",76
8,"Same_Situation","Two","IN6","Subject","That",92
8,"New_Situation","One","AN1","Object","The",39
8,"New_Situation","One","AN1","Object","That",100
8,"New_Situation","Two","AN2","Object","That",100
8,"New_Situation","Two","AN2","Object","The",34
8,"Same_Situation","One","AN3","Subject","The",96
8,"Same_Situation","One","AN3","Subject","That",100
8,"Same_Situation","Two","AN4","Subject","The",87
8,"Same_Situation","Two","AN4","Subject","That",100
8,"New_Situation","One","AN5","Subject","The",90
8,"New_Situation","One","AN5","Subject","That",100
8,"New_Situation","Two","AN6","Object","The",51
8,"New_Situation","Two","AN6","Object","That",100
9,"Same_Situation","One","IN1","Subject","That",97
9,"Same_Situation","One","IN1","Subject","The",79
9,"Same_Situation","Two","IN2","Subject","That",89
9,"Same_Situation","Two","IN2","Subject","The",64
9,"New_Situation","One","IN3","Object","That",89
9,"New_Situation","One","IN3","Object","The",60
9,"New_Situation","Two","IN4","Object","That",94
9,"New_Situation","Two","IN4","Object","The",41
9,"Same_Situation","One","IN5","Subject","That",41
9,"Same_Situation","One","IN5","Subject","The",78
9,"Same_Situation","Two","IN6","Subject","The",87
9,"Same_Situation","Two","IN6","Subject","That",69
9,"New_Situation","One","AN1","Object","The",45
9,"New_Situation","One","AN1","Object","That",100
9,"New_Situation","Two","AN2","Object","That",91
9,"New_Situation","Two","AN2","Object","The",41
9,"Same_Situation","One","AN3","Subject","The",54
9,"Same_Situation","One","AN3","Subject","That",90
9,"Same_Situation","Two","AN4","Subject","The",32
9,"Same_Situation","Two","AN4","Subject","That",87
9,"New_Situation","One","AN5","Subject","The",27
9,"New_Situation","One","AN5","Subject","That",84
9,"New_Situation","Two","AN6","Object","The",35
9,"New_Situation","Two","AN6","Object","That",90
10,"New_Situation","One","IN1","Object","The",79
10,"New_Situation","One","IN1","Object","That",89
10,"New_Situation","Two","IN2","Object","The",81
10,"New_Situation","Two","IN2","Object","That",82
10,"Same_Situation","One","IN3","Subject","That",100
10,"Same_Situation","One","IN3","Subject","The",98
10,"Same_Situation","Two","IN4","Subject","The",78
10,"Same_Situation","Two","IN4","Subject","That",84
10,"New_Situation","One","IN5","Object","The",84
10,"New_Situation","One","IN5","Object","That",85
10,"New_Situation","Two","IN6","Object","That",87
10,"New_Situation","Two","IN6","Object","The",89
10,"Same_Situation","One","AN1","Subject","The",86
10,"Same_Situation","One","AN1","Subject","That",94
10,"Same_Situation","Two","AN2","Subject","The",86
10,"Same_Situation","Two","AN2","Subject","That",92
10,"New_Situation","One","AN3","Object","That",81
10,"New_Situation","One","AN3","Object","The",84
10,"New_Situation","Two","AN4","Object","That",86
10,"New_Situation","Two","AN4","Object","The",81
10,"Same_Situation","One","AN5","Object","That",80
10,"Same_Situation","One","AN5","Object","The",74
10,"Same_Situation","Two","AN6","Subject","That",94
10,"Same_Situation","Two","AN6","Subject","The",87
12,"New_Situation","Two","IN1","Object","That",59
12,"New_Situation","Two","IN1","Object","The",51
12,"Same_Situation","One","IN2","Subject","The",55
12,"Same_Situation","One","IN2","Subject","That",67
12,"Same_Situation","Two","IN3","Subject","The",76
12,"Same_Situation","Two","IN3","Subject","That",54
12,"New_Situation","One","IN4","Object","That",64
12,"New_Situation","One","IN4","Object","The",54
12,"New_Situation","Two","IN5","Object","The",66
12,"New_Situation","Two","IN5","Object","That",49
12,"Same_Situation","One","IN6","Subject","The",51
12,"Same_Situation","One","IN6","Subject","That",60
12,"Same_Situation","Two","AN1","Subject","That",66
12,"Same_Situation","Two","AN1","Subject","The",47
12,"New_Situation","One","AN2","Object","The",16
12,"New_Situation","One","AN2","Object","That",80
12,"New_Situation","Two","AN3","Object","The",68
12,"New_Situation","Two","AN3","Object","That",69
12,"Same_Situation","One","AN4","Subject","That",67
12,"Same_Situation","One","AN4","Subject","The",57
12,"Same_Situation","Two","AN5","Object","That",61
12,"Same_Situation","Two","AN5","Object","The",56
12,"New_Situation","One","AN6","Object","That",64
12,"New_Situation","One","AN6","Object","The",54
13,"New_Situation","Two","IN1","Object","That",92
13,"New_Situation","Two","IN1","Object","The",97
13,"Same_Situation","One","IN2","Subject","The",50
13,"Same_Situation","One","IN2","Subject","That",92
13,"Same_Situation","Two","IN3","Subject","The",99
13,"Same_Situation","Two","IN3","Subject","That",69
13,"New_Situation","One","IN4","Object","That",96
13,"New_Situation","One","IN4","Object","The",0
13,"New_Situation","Two","IN5","Object","The",97
13,"New_Situation","Two","IN5","Object","That",78
13,"Same_Situation","One","IN6","Subject","The",37
13,"Same_Situation","One","IN6","Subject","That",90
13,"Same_Situation","Two","AN1","Subject","That",92
13,"Same_Situation","Two","AN1","Subject","The",63
13,"New_Situation","One","AN2","Object","The",0
13,"New_Situation","One","AN2","Object","That",100
13,"New_Situation","Two","AN3","Object","The",93
13,"New_Situation","Two","AN3","Object","That",69
13,"Same_Situation","One","AN4","Subject","That",94
13,"Same_Situation","One","AN4","Subject","The",80
13,"Same_Situation","Two","AN5","Object","That",79
13,"Same_Situation","Two","AN5","Object","The",98
13,"New_Situation","One","AN6","Object","That",96
13,"New_Situation","One","AN6","Object","The",38
14,"Same_Situation","Two","IN1","Subject","The",90
14,"Same_Situation","Two","IN1","Subject","That",100
14,"New_Situation","One","IN2","Object","That",100
14,"New_Situation","One","IN2","Object","The",90
14,"New_Situation","Two","IN3","Object","The",90
14,"New_Situation","Two","IN3","Object","That",100
14,"Same_Situation","One","IN4","Subject","The",90
14,"Same_Situation","One","IN4","Subject","That",100
14,"Same_Situation","Two","IN5","Subject","That",100
14,"Same_Situation","Two","IN5","Subject","The",90
14,"New_Situation","One","IN6","Object","That",100
14,"New_Situation","One","IN6","Object","The",30
14,"New_Situation","Two","AN1","Object","That",100
14,"New_Situation","Two","AN1","Object","The",85
14,"Same_Situation","One","AN2","Subject","That",85
14,"Same_Situation","One","AN2","Subject","The",100
14,"Same_Situation","Two","AN3","Subject","That",100
14,"Same_Situation","Two","AN3","Subject","The",90
14,"New_Situation","One","AN4","Object","The",30
14,"New_Situation","One","AN4","Object","That",100
14,"New_Situation","Two","AN5","Subject","The",90
14,"New_Situation","Two","AN5","Subject","That",100
14,"Same_Situation","One","AN6","Subject","The",90
14,"Same_Situation","One","AN6","Subject","That",100
15,"Same_Situation","One","IN1","Subject","That",87
15,"Same_Situation","One","IN1","Subject","The",20
15,"Same_Situation","Two","IN2","Subject","That",91
15,"Same_Situation","Two","IN2","Subject","The",18
15,"New_Situation","One","IN3","Object","That",81
15,"New_Situation","One","IN3","Object","The",30
15,"New_Situation","Two","IN4","Object","That",84
15,"New_Situation","Two","IN4","Object","The",14
15,"Same_Situation","One","IN5","Subject","That",85
15,"Same_Situation","One","IN5","Subject","The",12
15,"Same_Situation","Two","IN6","Subject","The",15
15,"Same_Situation","Two","IN6","Subject","That",86
15,"New_Situation","One","AN1","Object","The",13
15,"New_Situation","One","AN1","Object","That",86
15,"New_Situation","Two","AN2","Object","That",87
15,"New_Situation","Two","AN2","Object","The",15
15,"Same_Situation","One","AN3","Subject","The",16
15,"Same_Situation","One","AN3","Subject","That",82
15,"Same_Situation","Two","AN4","Subject","The",5
15,"Same_Situation","Two","AN4","Subject","That",22
15,"New_Situation","One","AN5","Subject","The",34
15,"New_Situation","One","AN5","Subject","That",93
15,"New_Situation","Two","AN6","Object","The",10
15,"New_Situation","Two","AN6","Object","That",85
16,"Same_Situation","One","IN1","Subject","That",100
16,"Same_Situation","One","IN1","Subject","The",70
16,"Same_Situation","Two","IN2","Subject","That",100
16,"Same_Situation","Two","IN2","Subject","The",27
16,"New_Situation","One","IN3","Object","That",100
16,"New_Situation","One","IN3","Object","The",100
16,"New_Situation","Two","IN4","Object","That",100
16,"New_Situation","Two","IN4","Object","The",14
16,"Same_Situation","One","IN5","Subject","That",79
16,"Same_Situation","One","IN5","Subject","The",82
16,"Same_Situation","Two","IN6","Subject","The",32
16,"Same_Situation","Two","IN6","Subject","That",100
16,"New_Situation","One","AN1","Object","The",28
16,"New_Situation","One","AN1","Object","That",100
16,"New_Situation","Two","AN2","Object","That",100
16,"New_Situation","Two","AN2","Object","The",10
16,"Same_Situation","One","AN3","Subject","The",37
16,"Same_Situation","One","AN3","Subject","That",100
16,"Same_Situation","Two","AN4","Subject","The",100
16,"Same_Situation","Two","AN4","Subject","That",100
16,"New_Situation","One","AN5","Subject","The",100
16,"New_Situation","One","AN5","Subject","That",100
16,"New_Situation","Two","AN6","Object","The",12
16,"New_Situation","Two","AN6","Object","That",100
18,"Same_Situation","Two","IN1","Subject","The",79
18,"Same_Situation","Two","IN1","Subject","That",90
18,"New_Situation","One","IN2","Object","That",98
18,"New_Situation","One","IN2","Object","The",47
18,"New_Situation","Two","IN3","Object","The",73
18,"New_Situation","Two","IN3","Object","That",98
18,"Same_Situation","One","IN4","Subject","The",57
18,"Same_Situation","One","IN4","Subject","That",82
18,"Same_Situation","Two","IN5","Subject","That",76
18,"Same_Situation","Two","IN5","Subject","The",63
18,"New_Situation","One","IN6","Object","That",83
18,"New_Situation","One","IN6","Object","The",50
18,"New_Situation","Two","AN1","Object","That",84
18,"New_Situation","Two","AN1","Object","The",34
18,"Same_Situation","One","AN2","Subject","That",85
18,"Same_Situation","One","AN2","Subject","The",51
18,"Same_Situation","Two","AN3","Subject","That",92
18,"Same_Situation","Two","AN3","Subject","The",68
18,"New_Situation","One","AN4","Object","The",22
18,"New_Situation","One","AN4","Object","That",78
18,"New_Situation","Two","AN5","Subject","The",53
18,"New_Situation","Two","AN5","Subject","That",87
18,"Same_Situation","One","AN6","Subject","The",66
18,"Same_Situation","One","AN6","Subject","That",93
19,"New_Situation","One","IN1","Object","The",94
19,"New_Situation","One","IN1","Object","That",86
19,"New_Situation","Two","IN2","Object","The",26
19,"New_Situation","Two","IN2","Object","That",100
19,"Same_Situation","One","IN3","Subject","That",97
19,"Same_Situation","One","IN3","Subject","The",86
19,"Same_Situation","Two","IN4","Subject","The",100
19,"Same_Situation","Two","IN4","Subject","That",26
19,"New_Situation","One","IN5","Object","The",68
19,"New_Situation","One","IN5","Object","That",90
19,"New_Situation","Two","IN6","Object","That",93
19,"New_Situation","Two","IN6","Object","The",76
19,"Same_Situation","One","AN1","Subject","The",95
19,"Same_Situation","One","AN1","Subject","That",78
19,"Same_Situation","Two","AN2","Subject","The",90
19,"Same_Situation","Two","AN2","Subject","That",85
19,"New_Situation","One","AN3","Object","That",75
19,"New_Situation","One","AN3","Object","The",74
19,"New_Situation","Two","AN4","Object","That",83
19,"New_Situation","Two","AN4","Object","The",77
19,"Same_Situation","One","AN5","Object","That",92
19,"Same_Situation","One","AN5","Object","The",78
19,"Same_Situation","Two","AN6","Subject","That",97
19,"Same_Situation","Two","AN6","Subject","The",63
20,"New_Situation","Two","IN1","Object","That",88
20,"New_Situation","Two","IN1","Object","The",20
20,"Same_Situation","One","IN2","Subject","The",20
20,"Same_Situation","One","IN2","Subject","That",87
20,"Same_Situation","Two","IN3","Subject","The",7
20,"Same_Situation","Two","IN3","Subject","That",84
20,"New_Situation","One","IN4","Object","That",75
20,"New_Situation","One","IN4","Object","The",30
20,"New_Situation","Two","IN5","Object","The",32
20,"New_Situation","Two","IN5","Object","That",85
20,"Same_Situation","One","IN6","Subject","The",21
20,"Same_Situation","One","IN6","Subject","That",89
20,"Same_Situation","Two","AN1","Subject","That",85
20,"Same_Situation","Two","AN1","Subject","The",8
20,"New_Situation","One","AN2","Object","The",49
20,"New_Situation","One","AN2","Object","That",81
20,"New_Situation","Two","AN3","Object","The",13
20,"New_Situation","Two","AN3","Object","That",80
20,"Same_Situation","One","AN4","Subject","That",85
20,"Same_Situation","One","AN4","Subject","The",15
20,"Same_Situation","Two","AN5","Object","That",82
20,"Same_Situation","Two","AN5","Object","The",10
20,"New_Situation","One","AN6","Object","That",80
20,"New_Situation","One","AN6","Object","The",16
21,"Same_Situation","One","IN1","Subject","That",100
21,"Same_Situation","One","IN1","Subject","The",100
21,"Same_Situation","Two","IN2","Subject","That",100
21,"Same_Situation","Two","IN2","Subject","The",100
21,"New_Situation","One","IN3","Object","That",74
21,"New_Situation","One","IN3","Object","The",41
21,"New_Situation","Two","IN4","Object","That",100
21,"New_Situation","Two","IN4","Object","The",49
21,"Same_Situation","One","IN5","Subject","That",100
21,"Same_Situation","One","IN5","Subject","The",91
21,"Same_Situation","Two","IN6","Subject","The",88
21,"Same_Situation","Two","IN6","Subject","That",100
21,"New_Situation","One","AN1","Object","The",50
21,"New_Situation","One","AN1","Object","That",94
21,"New_Situation","Two","AN2","Object","That",100
21,"New_Situation","Two","AN2","Object","The",37
21,"Same_Situation","One","AN3","Subject","The",80
21,"Same_Situation","One","AN3","Subject","That",100
21,"Same_Situation","Two","AN4","Subject","The",70
21,"Same_Situation","Two","AN4","Subject","That",100
21,"New_Situation","One","AN5","Subject","The",40
21,"New_Situation","One","AN5","Subject","That",100
21,"New_Situation","Two","AN6","Object","The",0
21,"New_Situation","Two","AN6","Object","That",100
22,"New_Situation","Two","IN1","Object","That",88
22,"New_Situation","Two","IN1","Object","The",64
22,"Same_Situation","One","IN2","Subject","The",80
22,"Same_Situation","One","IN2","Subject","That",82
22,"Same_Situation","Two","IN3","Subject","The",84
22,"Same_Situation","Two","IN3","Subject","That",83
22,"New_Situation","One","IN4","Object","That",81
22,"New_Situation","One","IN4","Object","The",37
22,"New_Situation","Two","IN5","Object","The",87
22,"New_Situation","Two","IN5","Object","That",66
22,"Same_Situation","One","IN6","Subject","The",67
22,"Same_Situation","One","IN6","Subject","That",85
22,"Same_Situation","Two","AN1","Subject","That",73
22,"Same_Situation","Two","AN1","Subject","The",74
22,"New_Situation","One","AN2","Object","The",29
22,"New_Situation","One","AN2","Object","That",87
22,"New_Situation","Two","AN3","Object","The",89
22,"New_Situation","Two","AN3","Object","That",76
22,"Same_Situation","One","AN4","Subject","That",59
22,"Same_Situation","One","AN4","Subject","The",100
22,"Same_Situation","Two","AN5","Object","That",82
22,"Same_Situation","Two","AN5","Object","The",77
22,"New_Situation","One","AN6","Object","That",79
22,"New_Situation","One","AN6","Object","The",62
23,"Same_Situation","Two","IN1","Subject","The",75
23,"Same_Situation","Two","IN1","Subject","That",63
23,"New_Situation","One","IN2","Object","That",73
23,"New_Situation","One","IN2","Object","The",43
23,"New_Situation","Two","IN3","Object","The",60
23,"New_Situation","Two","IN3","Object","That",55
23,"Same_Situation","One","IN4","Subject","The",58
23,"Same_Situation","One","IN4","Subject","That",73
23,"Same_Situation","Two","IN5","Subject","That",67
23,"Same_Situation","Two","IN5","Subject","The",55
23,"New_Situation","One","IN6","Object","That",67
23,"New_Situation","One","IN6","Object","The",57
23,"New_Situation","Two","AN1","Object","That",74
23,"New_Situation","Two","AN1","Object","The",41
23,"Same_Situation","One","AN2","Subject","That",50
23,"Same_Situation","One","AN2","Subject","The",57
23,"Same_Situation","Two","AN3","Subject","That",66
23,"Same_Situation","Two","AN3","Subject","The",78
23,"New_Situation","One","AN4","Object","The",46
23,"New_Situation","One","AN4","Object","That",55
23,"New_Situation","Two","AN5","Subject","The",48
23,"New_Situation","Two","AN5","Subject","That",69
23,"Same_Situation","One","AN6","Subject","The",45
23,"Same_Situation","One","AN6","Subject","That",82
24,"New_Situation","One","IN1","Object","The",56
24,"New_Situation","One","IN1","Object","That",7
24,"New_Situation","Two","IN2","Object","The",100
24,"New_Situation","Two","IN2","Object","That",100
24,"Same_Situation","One","IN3","Subject","That",100
24,"Same_Situation","One","IN3","Subject","The",83
24,"Same_Situation","Two","IN4","Subject","The",100
24,"Same_Situation","Two","IN4","Subject","That",100
24,"New_Situation","One","IN5","Object","The",95
24,"New_Situation","One","IN5","Object","That",100
24,"New_Situation","Two","IN6","Object","That",100
24,"New_Situation","Two","IN6","Object","The",100
24,"Same_Situation","One","AN1","Subject","The",79
24,"Same_Situation","One","AN1","Subject","That",94
24,"Same_Situation","Two","AN2","Subject","The",100
24,"Same_Situation","Two","AN2","Subject","That",100
24,"New_Situation","One","AN3","Object","That",100
24,"New_Situation","One","AN3","Object","The",93
24,"New_Situation","Two","AN4","Object","That",100
24,"New_Situation","Two","AN4","Object","The",62
24,"Same_Situation","One","AN5","Object","That",100
24,"Same_Situation","One","AN5","Object","The",100
24,"Same_Situation","Two","AN6","Subject","That",100
24,"Same_Situation","Two","AN6","Subject","The",100
27,"Same_Situation","Two","IN1","Subject","The",58
27,"Same_Situation","Two","IN1","Subject","That",100
27,"New_Situation","One","IN2","Object","That",100
27,"New_Situation","One","IN2","Object","The",55
27,"New_Situation","Two","IN3","Object","The",22
27,"New_Situation","Two","IN3","Object","That",87
27,"Same_Situation","One","IN4","Subject","The",42
27,"Same_Situation","One","IN4","Subject","That",96
27,"Same_Situation","Two","IN5","Subject","That",99
27,"Same_Situation","Two","IN5","Subject","The",29
27,"New_Situation","One","IN6","Object","That",100
27,"New_Situation","One","IN6","Object","The",29
27,"New_Situation","Two","AN1","Object","That",90
27,"New_Situation","Two","AN1","Object","The",60
27,"Same_Situation","One","AN2","Subject","That",88
27,"Same_Situation","One","AN2","Subject","The",66
27,"Same_Situation","Two","AN3","Subject","That",100
27,"Same_Situation","Two","AN3","Subject","The",80
27,"New_Situation","One","AN4","Object","The",27
27,"New_Situation","One","AN4","Object","That",91
27,"New_Situation","Two","AN5","Subject","The",18
27,"New_Situation","Two","AN5","Subject","That",37
27,"Same_Situation","One","AN6","Subject","The",58
27,"Same_Situation","One","AN6","Subject","That",91
28,"New_Situation","One","IN1","Object","The",54
28,"New_Situation","One","IN1","Object","That",94
28,"New_Situation","Two","IN2","Object","The",62
28,"New_Situation","Two","IN2","Object","That",92
28,"Same_Situation","One","IN3","Subject","That",88
28,"Same_Situation","One","IN3","Subject","The",38
28,"Same_Situation","Two","IN4","Subject","The",56
28,"Same_Situation","Two","IN4","Subject","That",90
28,"New_Situation","One","IN5","Object","The",77
28,"New_Situation","One","IN5","Object","That",96
28,"New_Situation","Two","IN6","Object","That",83
28,"New_Situation","Two","IN6","Object","The",14
28,"Same_Situation","One","AN1","Subject","The",19
28,"Same_Situation","One","AN1","Subject","That",24
28,"Same_Situation","Two","AN2","Subject","The",36
28,"Same_Situation","Two","AN2","Subject","That",86
28,"New_Situation","One","AN3","Object","That",100
28,"New_Situation","One","AN3","Object","The",57
28,"New_Situation","Two","AN4","Object","That",93
28,"New_Situation","Two","AN4","Object","The",10
28,"Same_Situation","One","AN5","Object","That",95
28,"Same_Situation","One","AN5","Object","The",95
28,"Same_Situation","Two","AN6","Subject","That",79
28,"Same_Situation","Two","AN6","Subject","The",10
29,"Same_Situation","One","IN1","Subject","That",100
29,"Same_Situation","One","IN1","Subject","The",95
29,"Same_Situation","Two","IN2","Subject","That",100
29,"Same_Situation","Two","IN2","Subject","The",100
29,"New_Situation","One","IN3","Object","That",100
29,"New_Situation","One","IN3","Object","The",100
29,"New_Situation","Two","IN4","Object","That",75
29,"New_Situation","Two","IN4","Object","The",18
29,"Same_Situation","One","IN5","Subject","That",100
29,"Same_Situation","One","IN5","Subject","The",77
29,"Same_Situation","Two","IN6","Subject","The",100
29,"Same_Situation","Two","IN6","Subject","That",100
29,"New_Situation","One","AN1","Object","The",84
29,"New_Situation","One","AN1","Object","That",100
29,"New_Situation","Two","AN2","Object","That",100
29,"New_Situation","Two","AN2","Object","The",90
29,"Same_Situation","One","AN3","Subject","The",100
29,"Same_Situation","One","AN3","Subject","That",100
29,"Same_Situation","Two","AN4","Subject","The",97
29,"Same_Situation","Two","AN4","Subject","That",100
29,"New_Situation","One","AN5","Subject","The",96
29,"New_Situation","One","AN5","Subject","That",100
29,"New_Situation","Two","AN6","Object","The",8
29,"New_Situation","Two","AN6","Object","That",100
30,"Same_Situation","Two","IN1","Subject","The",89
30,"Same_Situation","Two","IN1","Subject","That",51
30,"New_Situation","One","IN2","Object","That",50
30,"New_Situation","One","IN2","Object","The",78
30,"New_Situation","Two","IN3","Object","The",88
30,"New_Situation","Two","IN3","Object","That",89
30,"Same_Situation","One","IN4","Subject","The",100
30,"Same_Situation","One","IN4","Subject","That",58
30,"Same_Situation","Two","IN5","Subject","That",100
30,"Same_Situation","Two","IN5","Subject","The",69
30,"New_Situation","One","IN6","Object","That",100
30,"New_Situation","One","IN6","Object","The",24
30,"New_Situation","Two","AN1","Object","That",100
30,"New_Situation","Two","AN1","Object","The",29
30,"Same_Situation","One","AN2","Subject","That",100
30,"Same_Situation","One","AN2","Subject","The",18
30,"Same_Situation","Two","AN3","Subject","That",94
30,"Same_Situation","Two","AN3","Subject","The",45
30,"New_Situation","One","AN4","Object","The",44
30,"New_Situation","One","AN4","Object","That",94
30,"New_Situation","Two","AN5","Subject","The",89
30,"New_Situation","Two","AN5","Subject","That",57
30,"Same_Situation","One","AN6","Subject","The",59
30,"Same_Situation","One","AN6","Subject","That",66
31,"New_Situation","One","IN1","Object","The",75
31,"New_Situation","One","IN1","Object","That",80
31,"New_Situation","Two","IN2","Object","The",95
31,"New_Situation","Two","IN2","Object","That",95
31,"Same_Situation","One","IN3","Subject","That",75
31,"Same_Situation","One","IN3","Subject","The",80
31,"Same_Situation","Two","IN4","Subject","The",100
31,"Same_Situation","Two","IN4","Subject","That",100
31,"New_Situation","One","IN5","Object","The",95
31,"New_Situation","One","IN5","Object","That",95
31,"New_Situation","Two","IN6","Object","That",100
31,"New_Situation","Two","IN6","Object","The",90
31,"Same_Situation","One","AN1","Subject","The",90
31,"Same_Situation","One","AN1","Subject","That",75
31,"Same_Situation","Two","AN2","Subject","The",95
31,"Same_Situation","Two","AN2","Subject","That",90
31,"New_Situation","One","AN3","Object","That",95
31,"New_Situation","One","AN3","Object","The",93
31,"New_Situation","Two","AN4","Object","That",95
31,"New_Situation","Two","AN4","Object","The",75
31,"Same_Situation","One","AN5","Object","That",100
31,"Same_Situation","One","AN5","Object","The",80
31,"Same_Situation","Two","AN6","Subject","That",95
31,"Same_Situation","Two","AN6","Subject","The",95
32,"New_Situation","Two","IN1","Object","That",100
32,"New_Situation","Two","IN1","Object","The",16
32,"Same_Situation","One","IN2","Subject","The",18
32,"Same_Situation","One","IN2","Subject","That",100
32,"Same_Situation","Two","IN3","Subject","The",12
32,"Same_Situation","Two","IN3","Subject","That",100
32,"New_Situation","One","IN4","Object","That",100
32,"New_Situation","One","IN4","Object","The",0
32,"New_Situation","Two","IN5","Object","The",0
32,"New_Situation","Two","IN5","Object","That",100
32,"Same_Situation","One","IN6","Subject","The",14
32,"Same_Situation","One","IN6","Subject","That",100
32,"Same_Situation","Two","AN1","Subject","That",100
32,"Same_Situation","Two","AN1","Subject","The",19
32,"New_Situation","One","AN2","Object","The",24
32,"New_Situation","One","AN2","Object","That",100
32,"New_Situation","Two","AN3","Object","The",0
32,"New_Situation","Two","AN3","Object","That",100
32,"Same_Situation","One","AN4","Subject","That",100
32,"Same_Situation","One","AN4","Subject","The",0
32,"Same_Situation","Two","AN5","Object","That",100
32,"Same_Situation","Two","AN5","Object","The",29
32,"New_Situation","One","AN6","Object","That",100
32,"New_Situation","One","AN6","Object","The",0
33,"Same_Situation","One","IN1","Subject","That",82
33,"Same_Situation","One","IN1","Subject","The",82
33,"Same_Situation","Two","IN2","Subject","That",100
33,"Same_Situation","Two","IN2","Subject","The",100
33,"New_Situation","One","IN3","Object","That",100
33,"New_Situation","One","IN3","Object","The",69
33,"New_Situation","Two","IN4","Object","That",100
33,"New_Situation","Two","IN4","Object","The",0
33,"Same_Situation","One","IN5","Subject","That",100
33,"Same_Situation","One","IN5","Subject","The",55
33,"Same_Situation","Two","IN6","Subject","The",100
33,"Same_Situation","Two","IN6","Subject","That",99
33,"New_Situation","One","AN1","Object","The",73
33,"New_Situation","One","AN1","Object","That",100
33,"New_Situation","Two","AN2","Object","That",100
33,"New_Situation","Two","AN2","Object","The",75
33,"Same_Situation","One","AN3","Subject","The",100
33,"Same_Situation","One","AN3","Subject","That",100
33,"Same_Situation","Two","AN4","Subject","The",100
33,"Same_Situation","Two","AN4","Subject","That",100
33,"New_Situation","One","AN5","Subject","The",77
33,"New_Situation","One","AN5","Subject","That",100
33,"New_Situation","Two","AN6","Object","The",60
33,"New_Situation","Two","AN6","Object","That",100
34,"New_Situation","Two","IN1","Object","That",100
34,"New_Situation","Two","IN1","Object","The",28
34,"Same_Situation","One","IN2","Subject","The",77
34,"Same_Situation","One","IN2","Subject","That",100
34,"Same_Situation","Two","IN3","Subject","The",69
34,"Same_Situation","Two","IN3","Subject","That",79
34,"New_Situation","One","IN4","Object","That",100
34,"New_Situation","One","IN4","Object","The",0
34,"New_Situation","Two","IN5","Object","The",73
34,"New_Situation","Two","IN5","Object","That",100
34,"Same_Situation","One","IN6","Subject","The",20
34,"Same_Situation","One","IN6","Subject","That",100
34,"Same_Situation","Two","AN1","Subject","That",100
34,"Same_Situation","Two","AN1","Subject","The",14
34,"New_Situation","One","AN2","Object","The",0
34,"New_Situation","One","AN2","Object","That",100
34,"New_Situation","Two","AN3","Object","The",34
34,"New_Situation","Two","AN3","Object","That",73
34,"Same_Situation","One","AN4","Subject","That",69
34,"Same_Situation","One","AN4","Subject","The",70
34,"Same_Situation","Two","AN5","Object","That",100
34,"Same_Situation","Two","AN5","Object","The",100
34,"New_Situation","One","AN6","Object","That",82
34,"New_Situation","One","AN6","Object","The",57
35,"New_Situation","One","IN1","Object","The",11
35,"New_Situation","One","IN1","Object","That",86
35,"New_Situation","Two","IN2","Object","The",86
35,"New_Situation","Two","IN2","Object","That",87
35,"Same_Situation","One","IN3","Subject","That",100
35,"Same_Situation","One","IN3","Subject","The",0
35,"Same_Situation","Two","IN4","Subject","The",88
35,"Same_Situation","Two","IN4","Subject","That",71
35,"New_Situation","One","IN5","Object","The",56
35,"New_Situation","One","IN5","Object","That",88
35,"New_Situation","Two","IN6","Object","That",92
35,"New_Situation","Two","IN6","Object","The",11
35,"Same_Situation","One","AN1","Subject","The",97
35,"Same_Situation","One","AN1","Subject","That",5
35,"Same_Situation","Two","AN2","Subject","The",75
35,"Same_Situation","Two","AN2","Subject","That",21
35,"New_Situation","One","AN3","Object","That",57
35,"New_Situation","One","AN3","Object","The",42
35,"New_Situation","Two","AN4","Object","That",74
35,"New_Situation","Two","AN4","Object","The",61
35,"Same_Situation","One","AN5","Object","That",83
35,"Same_Situation","One","AN5","Object","The",83
35,"Same_Situation","Two","AN6","Subject","That",83
35,"Same_Situation","Two","AN6","Subject","The",0
36,"Same_Situation","Two","IN1","Subject","The",100
36,"Same_Situation","Two","IN1","Subject","That",100
36,"New_Situation","One","IN2","Object","That",87
36,"New_Situation","One","IN2","Object","The",100
36,"New_Situation","Two","IN3","Object","The",100
36,"New_Situation","Two","IN3","Object","That",25
36,"Same_Situation","One","IN4","Subject","The",100
36,"Same_Situation","One","IN4","Subject","That",78
36,"Same_Situation","Two","IN5","Subject","That",100
36,"Same_Situation","Two","IN5","Subject","The",100
36,"New_Situation","One","IN6","Object","That",100
36,"New_Situation","One","IN6","Object","The",84
36,"New_Situation","Two","AN1","Object","That",100
36,"New_Situation","Two","AN1","Object","The",87
36,"Same_Situation","One","AN2","Subject","That",79
36,"Same_Situation","One","AN2","Subject","The",100
36,"Same_Situation","Two","AN3","Subject","That",100
36,"Same_Situation","Two","AN3","Subject","The",100
36,"New_Situation","One","AN4","Object","The",92
36,"New_Situation","One","AN4","Object","That",100
36,"New_Situation","Two","AN5","Subject","The",82
36,"New_Situation","Two","AN5","Subject","That",100
36,"Same_Situation","One","AN6","Subject","The",100
36,"Same_Situation","One","AN6","Subject","That",100
37,"New_Situation","Two","IN1","Object","That",100
37,"New_Situation","Two","IN1","Object","The",11
37,"Same_Situation","One","IN2","Subject","The",100
37,"Same_Situation","One","IN2","Subject","That",100
37,"Same_Situation","Two","IN3","Subject","The",100
37,"Same_Situation","Two","IN3","Subject","That",100
37,"New_Situation","One","IN4","Object","That",100
37,"New_Situation","One","IN4","Object","The",10
37,"New_Situation","Two","IN5","Object","The",100
37,"New_Situation","Two","IN5","Object","That",100
37,"Same_Situation","One","IN6","Subject","The",100
37,"Same_Situation","One","IN6","Subject","That",100
37,"Same_Situation","Two","AN1","Subject","That",100
37,"Same_Situation","Two","AN1","Subject","The",100
37,"New_Situation","One","AN2","Object","The",10
37,"New_Situation","One","AN2","Object","That",100
37,"New_Situation","Two","AN3","Object","The",100
37,"New_Situation","Two","AN3","Object","That",100
37,"Same_Situation","One","AN4","Subject","That",100
37,"Same_Situation","One","AN4","Subject","The",70
37,"Same_Situation","Two","AN5","Object","That",100
37,"Same_Situation","Two","AN5","Object","The",100
37,"New_Situation","One","AN6","Object","That",100
37,"New_Situation","One","AN6","Object","The",0
38,"Same_Situation","Two","IN1","Subject","The",76
38,"Same_Situation","Two","IN1","Subject","That",61
38,"New_Situation","One","IN2","Object","That",85
38,"New_Situation","One","IN2","Object","The",65
38,"New_Situation","Two","IN3","Object","The",60
38,"New_Situation","Two","IN3","Object","That",86
38,"Same_Situation","One","IN4","Subject","The",60
38,"Same_Situation","One","IN4","Subject","That",86
38,"Same_Situation","Two","IN5","Subject","That",84
38,"Same_Situation","Two","IN5","Subject","The",64
38,"New_Situation","One","IN6","Object","That",82
38,"New_Situation","One","IN6","Object","The",60
38,"New_Situation","Two","AN1","Object","That",58
38,"New_Situation","Two","AN1","Object","The",84
38,"Same_Situation","One","AN2","Subject","That",83
38,"Same_Situation","One","AN2","Subject","The",61
38,"Same_Situation","Two","AN3","Subject","That",80
38,"Same_Situation","Two","AN3","Subject","The",60
38,"New_Situation","One","AN4","Object","The",71
38,"New_Situation","One","AN4","Object","That",71
38,"New_Situation","Two","AN5","Subject","The",64
38,"New_Situation","Two","AN5","Subject","That",81
38,"Same_Situation","One","AN6","Subject","The",71
38,"Same_Situation","One","AN6","Subject","That",72
39,"Same_Situation","Two","IN1","Subject","The",82
39,"Same_Situation","Two","IN1","Subject","That",100
39,"New_Situation","One","IN2","Object","That",46
39,"New_Situation","One","IN2","Object","The",53
39,"New_Situation","Two","IN3","Object","The",85
39,"New_Situation","Two","IN3","Object","That",90
39,"Same_Situation","One","IN4","Subject","The",90
39,"Same_Situation","One","IN4","Subject","That",83
39,"Same_Situation","Two","IN5","Subject","That",91
39,"Same_Situation","Two","IN5","Subject","The",86
39,"New_Situation","One","IN6","Object","That",100
39,"New_Situation","One","IN6","Object","The",46
39,"New_Situation","Two","AN1","Object","That",100
39,"New_Situation","Two","AN1","Object","The",30
39,"Same_Situation","One","AN2","Subject","That",46
39,"Same_Situation","One","AN2","Subject","The",98
39,"Same_Situation","Two","AN3","Subject","That",100
39,"Same_Situation","Two","AN3","Subject","The",100
39,"New_Situation","One","AN4","Object","The",52
39,"New_Situation","One","AN4","Object","That",100
39,"New_Situation","Two","AN5","Subject","The",96
39,"New_Situation","Two","AN5","Subject","That",100
39,"Same_Situation","One","AN6","Subject","The",100
39,"Same_Situation","One","AN6","Subject","That",100
40,"New_Situation","One","IN1","Object","The",46
40,"New_Situation","One","IN1","Object","That",98
40,"New_Situation","Two","IN2","Object","The",80
40,"New_Situation","Two","IN2","Object","That",89
40,"Same_Situation","One","IN3","Subject","That",100
40,"Same_Situation","One","IN3","Subject","The",100
40,"Same_Situation","Two","IN4","Subject","The",6
40,"Same_Situation","Two","IN4","Subject","That",100
40,"New_Situation","One","IN5","Object","The",90
40,"New_Situation","One","IN5","Object","That",82
40,"New_Situation","Two","IN6","Object","That",82
40,"New_Situation","Two","IN6","Object","The",59
40,"Same_Situation","One","AN1","Subject","The",58
40,"Same_Situation","One","AN1","Subject","That",100
40,"Same_Situation","Two","AN2","Subject","The",100
40,"Same_Situation","Two","AN2","Subject","That",100
40,"New_Situation","One","AN3","Object","That",100
40,"New_Situation","One","AN3","Object","The",100
40,"New_Situation","Two","AN4","Object","That",100
40,"New_Situation","Two","AN4","Object","The",48
40,"Same_Situation","One","AN5","Object","That",95
40,"Same_Situation","One","AN5","Object","The",94
40,"Same_Situation","Two","AN6","Subject","That",93
40,"Same_Situation","Two","AN6","Subject","The",100
41,"New_Situation","One","IN1","Object","The",30
41,"New_Situation","One","IN1","Object","That",70
41,"New_Situation","Two","IN2","Object","The",44
41,"New_Situation","Two","IN2","Object","That",74
41,"Same_Situation","One","IN3","Subject","That",91
41,"Same_Situation","One","IN3","Subject","The",72
41,"Same_Situation","Two","IN4","Subject","The",64
41,"Same_Situation","Two","IN4","Subject","That",70
41,"New_Situation","One","IN5","Object","The",36
41,"New_Situation","One","IN5","Object","That",61
41,"New_Situation","Two","IN6","Object","That",86
41,"New_Situation","Two","IN6","Object","The",17
41,"Same_Situation","One","AN1","Subject","The",38
41,"Same_Situation","One","AN1","Subject","That",69
41,"Same_Situation","Two","AN2","Subject","The",38
41,"Same_Situation","Two","AN2","Subject","That",73
41,"New_Situation","One","AN3","Object","That",85
41,"New_Situation","One","AN3","Object","The",38
41,"New_Situation","Two","AN4","Object","That",79
41,"New_Situation","Two","AN4","Object","The",25
41,"Same_Situation","One","AN5","Object","That",90
41,"Same_Situation","One","AN5","Object","The",69
41,"Same_Situation","Two","AN6","Subject","That",65
41,"Same_Situation","Two","AN6","Subject","The",14
42,"New_Situation","Two","IN1","Object","That",90
42,"New_Situation","Two","IN1","Object","The",60
42,"Same_Situation","One","IN2","Subject","The",85
42,"Same_Situation","One","IN2","Subject","That",85
42,"Same_Situation","Two","IN3","Subject","The",86
42,"Same_Situation","Two","IN3","Subject","That",75
42,"New_Situation","One","IN4","Object","That",96
42,"New_Situation","One","IN4","Object","The",32
42,"New_Situation","Two","IN5","Object","The",90
42,"New_Situation","Two","IN5","Object","That",76
42,"Same_Situation","One","IN6","Subject","The",65
42,"Same_Situation","One","IN6","Subject","That",82
42,"Same_Situation","Two","AN1","Subject","That",95
42,"Same_Situation","Two","AN1","Subject","The",75
42,"New_Situation","One","AN2","Object","The",58
42,"New_Situation","One","AN2","Object","That",92
42,"New_Situation","Two","AN3","Object","The",75
42,"New_Situation","Two","AN3","Object","That",75
42,"Same_Situation","One","AN4","Subject","That",91
42,"Same_Situation","One","AN4","Subject","The",78
42,"Same_Situation","Two","AN5","Object","That",95
42,"Same_Situation","Two","AN5","Object","The",85
42,"New_Situation","One","AN6","Object","That",90
42,"New_Situation","One","AN6","Object","The",40
43,"Same_Situation","One","IN1","Subject","That",100
43,"Same_Situation","One","IN1","Subject","The",30
43,"Same_Situation","Two","IN2","Subject","That",100
43,"Same_Situation","Two","IN2","Subject","The",41
43,"New_Situation","One","IN3","Object","That",100
43,"New_Situation","One","IN3","Object","The",0
43,"New_Situation","Two","IN4","Object","That",100
43,"New_Situation","Two","IN4","Object","The",0
43,"Same_Situation","One","IN5","Subject","That",100
43,"Same_Situation","One","IN5","Subject","The",21
43,"Same_Situation","Two","IN6","Subject","The",0
43,"Same_Situation","Two","IN6","Subject","That",100
43,"New_Situation","One","AN1","Object","The",0
43,"New_Situation","One","AN1","Object","That",100
43,"New_Situation","Two","AN2","Object","That",100
43,"New_Situation","Two","AN2","Object","The",13
43,"Same_Situation","One","AN3","Subject","The",0
43,"Same_Situation","One","AN3","Subject","That",100
43,"Same_Situation","Two","AN4","Subject","The",0
43,"Same_Situation","Two","AN4","Subject","That",100
43,"New_Situation","One","AN5","Subject","The",11
43,"New_Situation","One","AN5","Subject","That",100
43,"New_Situation","Two","AN6","Object","The",1
43,"New_Situation","Two","AN6","Object","That",100
44,"New_Situation","Two","IN1","Object","That",58
44,"New_Situation","Two","IN1","Object","The",83
44,"Same_Situation","One","IN2","Subject","The",67
44,"Same_Situation","One","IN2","Subject","That",83
44,"Same_Situation","Two","IN3","Subject","The",36
44,"Same_Situation","Two","IN3","Subject","That",73
44,"New_Situation","One","IN4","Object","That",84
44,"New_Situation","One","IN4","Object","The",42
44,"New_Situation","Two","IN5","Object","The",64
44,"New_Situation","Two","IN5","Object","That",78
44,"Same_Situation","One","IN6","Subject","The",46
44,"Same_Situation","One","IN6","Subject","That",85
44,"Same_Situation","Two","AN1","Subject","That",86
44,"Same_Situation","Two","AN1","Subject","The",34
44,"New_Situation","One","AN2","Object","The",25
44,"New_Situation","One","AN2","Object","That",79
44,"New_Situation","Two","AN3","Object","The",26
44,"New_Situation","Two","AN3","Object","That",83
44,"Same_Situation","One","AN4","Subject","That",73
44,"Same_Situation","One","AN4","Subject","The",33
44,"Same_Situation","Two","AN5","Object","That",86
44,"Same_Situation","Two","AN5","Object","The",45
44,"New_Situation","One","AN6","Object","That",83
44,"New_Situation","One","AN6","Object","The",27
45,"Same_Situation","One","IN1","Subject","That",76
45,"Same_Situation","One","IN1","Subject","The",21
45,"Same_Situation","Two","IN2","Subject","That",80
45,"Same_Situation","Two","IN2","Subject","The",26
45,"New_Situation","One","IN3","Object","That",74
45,"New_Situation","One","IN3","Object","The",8
45,"New_Situation","Two","IN4","Object","That",56
45,"New_Situation","Two","IN4","Object","The",22
45,"Same_Situation","One","IN5","Subject","That",71
45,"Same_Situation","One","IN5","Subject","The",26
45,"Same_Situation","Two","IN6","Subject","The",20
45,"Same_Situation","Two","IN6","Subject","That",69
45,"New_Situation","One","AN1","Object","The",18
45,"New_Situation","One","AN1","Object","That",69
45,"New_Situation","Two","AN2","Object","That",75
45,"New_Situation","Two","AN2","Object","The",12
45,"Same_Situation","One","AN3","Subject","The",27
45,"Same_Situation","One","AN3","Subject","That",78
45,"Same_Situation","Two","AN4","Subject","The",24
45,"Same_Situation","Two","AN4","Subject","That",83
45,"New_Situation","One","AN5","Subject","The",17
45,"New_Situation","One","AN5","Subject","That",77
45,"New_Situation","Two","AN6","Object","The",25
45,"New_Situation","Two","AN6","Object","That",66
46,"New_Situation","One","IN1","Object","The",36
46,"New_Situation","One","IN1","Object","That",48
46,"New_Situation","Two","IN2","Object","The",59
46,"New_Situation","Two","IN2","Object","That",100
46,"Same_Situation","One","IN3","Subject","That",98
46,"Same_Situation","One","IN3","Subject","The",63
46,"Same_Situation","Two","IN4","Subject","The",74
46,"Same_Situation","Two","IN4","Subject","That",95
46,"New_Situation","One","IN5","Object","The",69
46,"New_Situation","One","IN5","Object","That",94
46,"New_Situation","Two","IN6","Object","That",98
46,"New_Situation","Two","IN6","Object","The",43
46,"Same_Situation","One","AN1","Subject","The",82
46,"Same_Situation","One","AN1","Subject","That",100
46,"Same_Situation","Two","AN2","Subject","The",22
46,"Same_Situation","Two","AN2","Subject","That",52
46,"New_Situation","One","AN3","Object","That",91
46,"New_Situation","One","AN3","Object","The",77
46,"New_Situation","Two","AN4","Object","That",35
46,"New_Situation","Two","AN4","Object","The",20
46,"Same_Situation","One","AN5","Object","That",100
46,"Same_Situation","One","AN5","Object","The",79
46,"Same_Situation","Two","AN6","Subject","That",92
46,"Same_Situation","Two","AN6","Subject","The",62
47,"Same_Situation","Two","IN1","Subject","The",100
47,"Same_Situation","Two","IN1","Subject","That",81
47,"New_Situation","One","IN2","Object","That",100
47,"New_Situation","One","IN2","Object","The",100
47,"New_Situation","Two","IN3","Object","The",99
47,"New_Situation","Two","IN3","Object","That",91
47,"Same_Situation","One","IN4","Subject","The",100
47,"Same_Situation","One","IN4","Subject","That",100
47,"Same_Situation","Two","IN5","Subject","That",100
47,"Same_Situation","Two","IN5","Subject","The",100
47,"New_Situation","One","IN6","Object","That",100
47,"New_Situation","One","IN6","Object","The",20
47,"New_Situation","Two","AN1","Object","That",100
47,"New_Situation","Two","AN1","Object","The",8
47,"Same_Situation","One","AN2","Subject","That",100
47,"Same_Situation","One","AN2","Subject","The",78
47,"Same_Situation","Two","AN3","Subject","That",100
47,"Same_Situation","Two","AN3","Subject","The",100
47,"New_Situation","One","AN4","Object","The",0
47,"New_Situation","One","AN4","Object","That",100
47,"New_Situation","Two","AN5","Subject","The",100
47,"New_Situation","Two","AN5","Subject","That",100
47,"Same_Situation","One","AN6","Subject","The",100
47,"Same_Situation","One","AN6","Subject","That",100
48,"New_Situation","Two","IN1","Object","That",100
48,"New_Situation","Two","IN1","Object","The",60
48,"Same_Situation","One","IN2","Subject","The",69
48,"Same_Situation","One","IN2","Subject","That",99
48,"Same_Situation","Two","IN3","Subject","The",55
48,"Same_Situation","Two","IN3","Subject","That",98
48,"New_Situation","One","IN4","Object","That",100
48,"New_Situation","One","IN4","Object","The",42
48,"New_Situation","Two","IN5","Object","The",92
48,"New_Situation","Two","IN5","Object","That",100
48,"Same_Situation","One","IN6","Subject","The",72
48,"Same_Situation","One","IN6","Subject","That",100
48,"Same_Situation","Two","AN1","Subject","That",100
48,"Same_Situation","Two","AN1","Subject","The",67
48,"New_Situation","One","AN2","Object","The",51
48,"New_Situation","One","AN2","Object","That",100
48,"New_Situation","Two","AN3","Object","The",97
48,"New_Situation","Two","AN3","Object","That",99
48,"Same_Situation","One","AN4","Subject","That",100
48,"Same_Situation","One","AN4","Subject","The",84
48,"Same_Situation","Two","AN5","Object","That",93
48,"Same_Situation","Two","AN5","Object","The",82
48,"New_Situation","One","AN6","Object","That",99
48,"New_Situation","One","AN6","Object","The",20
49,"Same_Situation","Two","IN1","Subject","The",100
49,"Same_Situation","Two","IN1","Subject","That",78
49,"New_Situation","One","IN2","Object","That",100
49,"New_Situation","One","IN2","Object","The",83
49,"New_Situation","Two","IN3","Object","The",71
49,"New_Situation","Two","IN3","Object","That",100
49,"Same_Situation","One","IN4","Subject","The",57
49,"Same_Situation","One","IN4","Subject","That",100
49,"Same_Situation","Two","IN5","Subject","That",100
49,"Same_Situation","Two","IN5","Subject","The",8
49,"New_Situation","One","IN6","Object","That",100
49,"New_Situation","One","IN6","Object","The",21
49,"New_Situation","Two","AN1","Object","That",100
49,"New_Situation","Two","AN1","Object","The",0
49,"Same_Situation","One","AN2","Subject","That",100
49,"Same_Situation","One","AN2","Subject","The",23
49,"Same_Situation","Two","AN3","Subject","That",100
49,"Same_Situation","Two","AN3","Subject","The",0
49,"New_Situation","One","AN4","Object","The",64
49,"New_Situation","One","AN4","Object","That",100
49,"New_Situation","Two","AN5","Subject","The",0
49,"New_Situation","Two","AN5","Subject","That",100
49,"Same_Situation","One","AN6","Subject","The",64
49,"Same_Situation","One","AN6","Subject","That",100
50,"Same_Situation","One","IN1","Subject","That",100
50,"Same_Situation","One","IN1","Subject","The",91
50,"Same_Situation","Two","IN2","Subject","That",100
50,"Same_Situation","Two","IN2","Subject","The",84
50,"New_Situation","One","IN3","Object","That",100
50,"New_Situation","One","IN3","Object","The",87
50,"New_Situation","Two","IN4","Object","That",54
50,"New_Situation","Two","IN4","Object","The",23
50,"Same_Situation","One","IN5","Subject","That",100
50,"Same_Situation","One","IN5","Subject","The",91
50,"Same_Situation","Two","IN6","Subject","The",82
50,"Same_Situation","Two","IN6","Subject","That",87
50,"New_Situation","One","AN1","Object","The",57
50,"New_Situation","One","AN1","Object","That",96
50,"New_Situation","Two","AN2","Object","That",71
50,"New_Situation","Two","AN2","Object","The",90
50,"Same_Situation","One","AN3","Subject","The",85
50,"Same_Situation","One","AN3","Subject","That",100
50,"Same_Situation","Two","AN4","Subject","The",100
50,"Same_Situation","Two","AN4","Subject","That",100
50,"New_Situation","One","AN5","Subject","The",66
50,"New_Situation","One","AN5","Subject","That",100
50,"New_Situation","Two","AN6","Object","The",12
50,"New_Situation","Two","AN6","Object","That",44
53,"New_Situation","Two","IN1","Object","That",92
53,"New_Situation","Two","IN1","Object","The",90
53,"Same_Situation","One","IN2","Subject","The",23
53,"Same_Situation","One","IN2","Subject","That",94
53,"Same_Situation","Two","IN3","Subject","The",81
53,"Same_Situation","Two","IN3","Subject","That",81
53,"New_Situation","One","IN4","Object","That",92
53,"New_Situation","One","IN4","Object","The",36
53,"New_Situation","Two","IN5","Object","The",91
53,"New_Situation","Two","IN5","Object","That",94
53,"Same_Situation","One","IN6","Subject","The",65
53,"Same_Situation","One","IN6","Subject","That",94
53,"Same_Situation","Two","AN1","Subject","That",95
53,"Same_Situation","Two","AN1","Subject","The",90
53,"New_Situation","One","AN2","Object","The",2
53,"New_Situation","One","AN2","Object","That",84
53,"New_Situation","Two","AN3","Object","The",88
53,"New_Situation","Two","AN3","Object","That",93
53,"Same_Situation","One","AN4","Subject","That",90
53,"Same_Situation","One","AN4","Subject","The",82
53,"Same_Situation","Two","AN5","Object","That",90
53,"Same_Situation","Two","AN5","Object","The",81
53,"New_Situation","One","AN6","Object","That",70
53,"New_Situation","One","AN6","Object","The",14
54,"Same_Situation","One","IN1","Subject","That",100
54,"Same_Situation","One","IN1","Subject","The",98
54,"Same_Situation","Two","IN2","Subject","That",92
54,"Same_Situation","Two","IN2","Subject","The",68
54,"New_Situation","One","IN3","Object","That",100
54,"New_Situation","One","IN3","Object","The",95
54,"New_Situation","Two","IN4","Object","That",81
54,"New_Situation","Two","IN4","Object","The",42
54,"Same_Situation","One","IN5","Subject","That",100
54,"Same_Situation","One","IN5","Subject","The",58
54,"Same_Situation","Two","IN6","Subject","The",86
54,"Same_Situation","Two","IN6","Subject","That",100
54,"New_Situation","One","AN1","Object","The",93
54,"New_Situation","One","AN1","Object","That",100
54,"New_Situation","Two","AN2","Object","That",100
54,"New_Situation","Two","AN2","Object","The",100
54,"Same_Situation","One","AN3","Subject","The",92
54,"Same_Situation","One","AN3","Subject","That",100
54,"Same_Situation","Two","AN4","Subject","The",100
54,"Same_Situation","Two","AN4","Subject","That",100
54,"New_Situation","One","AN5","Subject","The",57
54,"New_Situation","One","AN5","Subject","That",100
54,"New_Situation","Two","AN6","Object","The",95
54,"New_Situation","Two","AN6","Object","That",100
55,"New_Situation","One","IN1","Object","The",100
55,"New_Situation","One","IN1","Object","That",100
55,"New_Situation","Two","IN2","Object","The",100
55,"New_Situation","Two","IN2","Object","That",100
55,"Same_Situation","One","IN3","Subject","That",100
55,"Same_Situation","One","IN3","Subject","The",100
55,"Same_Situation","Two","IN4","Subject","The",100
55,"Same_Situation","Two","IN4","Subject","That",100
55,"New_Situation","One","IN5","Object","The",100
55,"New_Situation","One","IN5","Object","That",100
55,"New_Situation","Two","IN6","Object","That",100
55,"New_Situation","Two","IN6","Object","The",0
55,"Same_Situation","One","AN1","Subject","The",100
55,"Same_Situation","One","AN1","Subject","That",100
55,"Same_Situation","Two","AN2","Subject","The",80
55,"Same_Situation","Two","AN2","Subject","That",100
55,"New_Situation","One","AN3","Object","That",100
55,"New_Situation","One","AN3","Object","The",100
55,"New_Situation","Two","AN4","Object","That",100
55,"New_Situation","Two","AN4","Object","The",100
55,"Same_Situation","One","AN5","Object","That",100
55,"Same_Situation","One","AN5","Object","The",100
55,"Same_Situation","Two","AN6","Subject","That",100
55,"Same_Situation","Two","AN6","Subject","The",0
56,"New_Situation","Two","IN1","Object","That",72
56,"New_Situation","Two","IN1","Object","The",41
56,"Same_Situation","One","IN2","Subject","The",71
56,"Same_Situation","One","IN2","Subject","That",71
56,"Same_Situation","Two","IN3","Subject","The",72
56,"Same_Situation","Two","IN3","Subject","That",73
56,"New_Situation","One","IN4","Object","That",74
56,"New_Situation","One","IN4","Object","The",37
56,"New_Situation","Two","IN5","Object","The",53
56,"New_Situation","Two","IN5","Object","That",70
56,"Same_Situation","One","IN6","Subject","The",75
56,"Same_Situation","One","IN6","Subject","That",74
56,"Same_Situation","Two","AN1","Subject","That",65
56,"Same_Situation","Two","AN1","Subject","The",65
56,"New_Situation","One","AN2","Object","The",19
56,"New_Situation","One","AN2","Object","That",84
56,"New_Situation","Two","AN3","Object","The",56
56,"New_Situation","Two","AN3","Object","That",77
56,"Same_Situation","One","AN4","Subject","That",80
56,"Same_Situation","One","AN4","Subject","The",80
56,"Same_Situation","Two","AN5","Object","That",78
56,"Same_Situation","Two","AN5","Object","The",70
56,"New_Situation","One","AN6","Object","That",71
56,"New_Situation","One","AN6","Object","The",24
57,"Same_Situation","Two","IN1","Subject","The",98
57,"Same_Situation","Two","IN1","Subject","That",96
57,"New_Situation","One","IN2","Object","That",100
57,"New_Situation","One","IN2","Object","The",91
57,"New_Situation","Two","IN3","Object","The",92
57,"New_Situation","Two","IN3","Object","That",100
57,"Same_Situation","One","IN4","Subject","The",61
57,"Same_Situation","One","IN4","Subject","That",96
57,"Same_Situation","Two","IN5","Subject","That",100
57,"Same_Situation","Two","IN5","Subject","The",90
57,"New_Situation","One","IN6","Object","That",100
57,"New_Situation","One","IN6","Object","The",67
57,"New_Situation","Two","AN1","Object","That",93
57,"New_Situation","Two","AN1","Object","The",78
57,"Same_Situation","One","AN2","Subject","That",97
57,"Same_Situation","One","AN2","Subject","The",90
57,"Same_Situation","Two","AN3","Subject","That",100
57,"Same_Situation","Two","AN3","Subject","The",77
57,"New_Situation","One","AN4","Object","The",75
57,"New_Situation","One","AN4","Object","That",95
57,"New_Situation","Two","AN5","Subject","The",96
57,"New_Situation","Two","AN5","Subject","That",100
57,"Same_Situation","One","AN6","Subject","The",83
57,"Same_Situation","One","AN6","Subject","That",100
58,"Same_Situation","One","IN1","Subject","That",94
58,"Same_Situation","One","IN1","Subject","The",69
58,"Same_Situation","Two","IN2","Subject","That",100
58,"Same_Situation","Two","IN2","Subject","The",66
58,"New_Situation","One","IN3","Object","That",93
58,"New_Situation","One","IN3","Object","The",65
58,"New_Situation","Two","IN4","Object","That",100
58,"New_Situation","Two","IN4","Object","The",43
58,"Same_Situation","One","IN5","Subject","That",94
58,"Same_Situation","One","IN5","Subject","The",67
58,"Same_Situation","Two","IN6","Subject","The",81
58,"Same_Situation","Two","IN6","Subject","That",100
58,"New_Situation","One","AN1","Object","The",64
58,"New_Situation","One","AN1","Object","That",100
58,"New_Situation","Two","AN2","Object","That",93
58,"New_Situation","Two","AN2","Object","The",40
58,"Same_Situation","One","AN3","Subject","The",60
58,"Same_Situation","One","AN3","Subject","That",95
58,"Same_Situation","Two","AN4","Subject","The",94
58,"Same_Situation","Two","AN4","Subject","That",70
58,"New_Situation","One","AN5","Subject","The",61
58,"New_Situation","One","AN5","Subject","That",89
58,"New_Situation","Two","AN6","Object","The",63
58,"New_Situation","Two","AN6","Object","That",94
59,"New_Situation","One","IN1","Object","The",79
59,"New_Situation","One","IN1","Object","That",100
59,"New_Situation","Two","IN2","Object","The",85
59,"New_Situation","Two","IN2","Object","That",100
59,"Same_Situation","One","IN3","Subject","That",100
59,"Same_Situation","One","IN3","Subject","The",85
59,"Same_Situation","Two","IN4","Subject","The",100
59,"Same_Situation","Two","IN4","Subject","That",89
59,"New_Situation","One","IN5","Object","The",68
59,"New_Situation","One","IN5","Object","That",88
59,"New_Situation","Two","IN6","Object","That",100
59,"New_Situation","Two","IN6","Object","The",66
59,"Same_Situation","One","AN1","Subject","The",93
59,"Same_Situation","One","AN1","Subject","That",100
59,"Same_Situation","Two","AN2","Subject","The",100
59,"Same_Situation","Two","AN2","Subject","That",100
59,"New_Situation","One","AN3","Object","That",100
59,"New_Situation","One","AN3","Object","The",100
59,"New_Situation","Two","AN4","Object","That",82
59,"New_Situation","Two","AN4","Object","The",69
59,"Same_Situation","One","AN5","Object","That",100
59,"Same_Situation","One","AN5","Object","The",100
59,"Same_Situation","Two","AN6","Subject","That",85
59,"Same_Situation","Two","AN6","Subject","The",100
60,"New_Situation","One","IN1","Object","The",15
60,"New_Situation","One","IN1","Object","That",85
60,"New_Situation","Two","IN2","Object","The",75
60,"New_Situation","Two","IN2","Object","That",90
60,"Same_Situation","One","IN3","Subject","That",85
60,"Same_Situation","One","IN3","Subject","The",50
60,"Same_Situation","Two","IN4","Subject","The",66
60,"Same_Situation","Two","IN4","Subject","That",85
60,"New_Situation","One","IN5","Object","The",60
60,"New_Situation","One","IN5","Object","That",85
60,"New_Situation","Two","IN6","Object","That",90
60,"New_Situation","Two","IN6","Object","The",20
60,"Same_Situation","One","AN1","Subject","The",30
60,"Same_Situation","One","AN1","Subject","That",90
60,"Same_Situation","Two","AN2","Subject","The",70
60,"Same_Situation","Two","AN2","Subject","That",86
60,"New_Situation","One","AN3","Object","That",88
60,"New_Situation","One","AN3","Object","The",75
60,"New_Situation","Two","AN4","Object","That",91
60,"New_Situation","Two","AN4","Object","The",5
60,"Same_Situation","One","AN5","Object","That",90
60,"Same_Situation","One","AN5","Object","The",80
60,"Same_Situation","Two","AN6","Subject","That",60
60,"Same_Situation","Two","AN6","Subject","The",88
61,"New_Situation","Two","IN1","Object","That",11
61,"New_Situation","Two","IN1","Object","The",7
61,"Same_Situation","One","IN2","Subject","The",50
61,"Same_Situation","One","IN2","Subject","That",72
61,"Same_Situation","Two","IN3","Subject","The",50
61,"Same_Situation","Two","IN3","Subject","That",74
61,"New_Situation","One","IN4","Object","That",95
61,"New_Situation","One","IN4","Object","The",32
61,"New_Situation","Two","IN5","Object","The",50
61,"New_Situation","Two","IN5","Object","That",71
61,"Same_Situation","One","IN6","Subject","The",23
61,"Same_Situation","One","IN6","Subject","That",89
61,"Same_Situation","Two","AN1","Subject","That",80
61,"Same_Situation","Two","AN1","Subject","The",46
61,"New_Situation","One","AN2","Object","The",36
61,"New_Situation","One","AN2","Object","That",78
61,"New_Situation","Two","AN3","Object","The",33
61,"New_Situation","Two","AN3","Object","That",75
61,"Same_Situation","One","AN4","Subject","That",74
61,"Same_Situation","One","AN4","Subject","The",50
61,"Same_Situation","Two","AN5","Object","That",59
61,"Same_Situation","Two","AN5","Object","The",53
61,"New_Situation","One","AN6","Object","That",74
61,"New_Situation","One","AN6","Object","The",70
62,"Same_Situation","One","IN1","Subject","That",84
62,"Same_Situation","One","IN1","Subject","The",99
62,"Same_Situation","Two","IN2","Subject","That",99
62,"Same_Situation","Two","IN2","Subject","The",11
62,"New_Situation","One","IN3","Object","That",95
62,"New_Situation","One","IN3","Object","The",87
62,"New_Situation","Two","IN4","Object","That",87
62,"New_Situation","Two","IN4","Object","The",12
62,"Same_Situation","One","IN5","Subject","That",89
62,"Same_Situation","One","IN5","Subject","The",34
62,"Same_Situation","Two","IN6","Subject","The",73
62,"Same_Situation","Two","IN6","Subject","That",93
62,"New_Situation","One","AN1","Object","The",6
62,"New_Situation","One","AN1","Object","That",87
62,"New_Situation","Two","AN2","Object","That",90
62,"New_Situation","Two","AN2","Object","The",78
62,"Same_Situation","One","AN3","Subject","The",78
62,"Same_Situation","One","AN3","Subject","That",100
62,"Same_Situation","Two","AN4","Subject","The",74
62,"Same_Situation","Two","AN4","Subject","That",100
62,"New_Situation","One","AN5","Subject","The",28
62,"New_Situation","One","AN5","Subject","That",100
62,"New_Situation","Two","AN6","Object","The",22
62,"New_Situation","Two","AN6","Object","That",100
63,"Same_Situation","Two","IN1","Subject","The",54
63,"Same_Situation","Two","IN1","Subject","That",100
63,"New_Situation","One","IN2","Object","That",73
63,"New_Situation","One","IN2","Object","The",44
63,"New_Situation","Two","IN3","Object","The",60
63,"New_Situation","Two","IN3","Object","That",65
63,"Same_Situation","One","IN4","Subject","The",61
63,"Same_Situation","One","IN4","Subject","That",89
63,"Same_Situation","Two","IN5","Subject","That",75
63,"Same_Situation","Two","IN5","Subject","The",57
63,"New_Situation","One","IN6","Object","That",68
63,"New_Situation","One","IN6","Object","The",30
63,"New_Situation","Two","AN1","Object","That",65
63,"New_Situation","Two","AN1","Object","The",36
63,"Same_Situation","One","AN2","Subject","That",73
63,"Same_Situation","One","AN2","Subject","The",62
63,"Same_Situation","Two","AN3","Subject","That",64
63,"Same_Situation","Two","AN3","Subject","The",55
63,"New_Situation","One","AN4","Object","The",40
63,"New_Situation","One","AN4","Object","That",67
63,"New_Situation","Two","AN5","Subject","The",30
63,"New_Situation","Two","AN5","Subject","That",74
63,"Same_Situation","One","AN6","Subject","The",67
63,"Same_Situation","One","AN6","Subject","That",73
64,"New_Situation","One","IN1","Object","The",15
64,"New_Situation","One","IN1","Object","That",66
64,"New_Situation","Two","IN2","Object","The",91
64,"New_Situation","Two","IN2","Object","That",91
64,"Same_Situation","One","IN3","Subject","That",100
64,"Same_Situation","One","IN3","Subject","The",40
64,"Same_Situation","Two","IN4","Subject","The",92
64,"Same_Situation","Two","IN4","Subject","That",97
64,"New_Situation","One","IN5","Object","The",90
64,"New_Situation","One","IN5","Object","That",92
64,"New_Situation","Two","IN6","Object","That",94
64,"New_Situation","Two","IN6","Object","The",8
64,"Same_Situation","One","AN1","Subject","The",63
64,"Same_Situation","One","AN1","Subject","That",94
64,"Same_Situation","Two","AN2","Subject","The",89
64,"Same_Situation","Two","AN2","Subject","That",85
64,"New_Situation","One","AN3","Object","That",94
64,"New_Situation","One","AN3","Object","The",9
64,"New_Situation","Two","AN4","Object","That",96
64,"New_Situation","Two","AN4","Object","The",8
64,"Same_Situation","One","AN5","Object","That",93
64,"Same_Situation","One","AN5","Object","The",91
64,"Same_Situation","Two","AN6","Subject","That",96
64,"Same_Situation","Two","AN6","Subject","The",91
