"ID","Situation","Referents","Animacy","Syntactic_Position","Definiteness","Rating"
1,"Same_Situation","Two","IN1","Subject","The",86
1,"Same_Situation","Two","IN1","Subject","That",50
1,"New_Situation","One","IN2","Object","That",45
1,"New_Situation","One","IN2","Object","The",82
1,"New_Situation","Two","IN3","Object","The",65
1,"New_Situation","Two","IN3","Object","That",60
1,"Same_Situation","One","IN4","Object","The",68
1,"Same_Situation","One","IN4","Object","That",46
1,"Same_Situation","Two","IN5","Object","That",48
1,"Same_Situation","Two","IN5","Object","The",74
1,"New_Situation","One","IN6","Object","That",29
1,"New_Situation","One","IN6","Object","The",72
1,"New_Situation","Two","AN1","Subject","That",39
1,"New_Situation","Two","AN1","Subject","The",67
1,"Same_Situation","One","AN2","Subject","That",43
1,"Same_Situation","One","AN2","Subject","The",74
1,"Same_Situation","Two","AN3","Subject","That",25
1,"Same_Situation","Two","AN3","Subject","The",76
1,"New_Situation","One","AN4","Object","The",74
1,"New_Situation","One","AN4","Object","That",33
1,"New_Situation","Two","AN5","Subject","The",72
1,"New_Situation","Two","AN5","Subject","That",31
1,"Same_Situation","One","AN6","Subject","The",77
1,"Same_Situation","One","AN6","Subject","That",39
2,"Same_Situation","One","IN1","Subject","That",57
2,"Same_Situation","One","IN1","Subject","The",91
2,"Same_Situation","Two","IN2","Subject","That",19
2,"Same_Situation","Two","IN2","Subject","The",88
2,"New_Situation","One","IN3","Object","That",64
2,"New_Situation","One","IN3","Object","The",94
2,"New_Situation","Two","IN4","Subject","That",41
2,"New_Situation","Two","IN4","Subject","The",74
2,"Same_Situation","One","IN5","Object","That",55
2,"Same_Situation","One","IN5","Object","The",88
2,"Same_Situation","Two","IN6","Subject","The",92
2,"Same_Situation","Two","IN6","Subject","That",26
2,"New_Situation","One","AN1","Subject","The",79
2,"New_Situation","One","AN1","Subject","That",75
2,"New_Situation","Two","AN2","Object","That",54
2,"New_Situation","Two","AN2","Object","The",82
2,"Same_Situation","One","AN3","Subject","The",89
2,"Same_Situation","One","AN3","Subject","That",45
2,"Same_Situation","Two","AN4","Subject","The",90
2,"Same_Situation","Two","AN4","Subject","That",56
2,"New_Situation","One","AN5","Subject","The",73
2,"New_Situation","One","AN5","Subject","That",54
2,"New_Situation","Two","AN6","Object","The",77
2,"New_Situation","Two","AN6","Object","That",56
4,"Same_Situation","Two","IN1","Subject","The",88
4,"Same_Situation","Two","IN1","Subject","That",56
4,"New_Situation","One","IN2","Object","That",57
4,"New_Situation","One","IN2","Object","The",77
4,"New_Situation","Two","IN3","Object","The",72
4,"New_Situation","Two","IN3","Object","That",64
4,"Same_Situation","One","IN4","Object","The",70
4,"Same_Situation","One","IN4","Object","That",59
4,"Same_Situation","Two","IN5","Object","That",73
4,"Same_Situation","Two","IN5","Object","The",67
4,"New_Situation","One","IN6","Object","That",68
4,"New_Situation","One","IN6","Object","The",79
4,"New_Situation","Two","AN1","Subject","That",73
4,"New_Situation","Two","AN1","Subject","The",66
4,"Same_Situation","One","AN2","Subject","That",60
4,"Same_Situation","One","AN2","Subject","The",73
4,"Same_Situation","Two","AN3","Subject","That",40
4,"Same_Situation","Two","AN3","Subject","The",39
4,"New_Situation","One","AN4","Object","The",53
4,"New_Situation","One","AN4","Object","That",53
4,"New_Situation","Two","AN5","Subject","The",66
4,"New_Situation","Two","AN5","Subject","That",61
4,"Same_Situation","One","AN6","Subject","The",70
4,"Same_Situation","One","AN6","Subject","That",58
5,"New_Situation","Two","IN1","Object","That",100
5,"New_Situation","Two","IN1","Object","The",100
5,"Same_Situation","One","IN2","Subject","The",100
5,"Same_Situation","One","IN2","Subject","That",100
5,"Same_Situation","Two","IN3","Subject","The",100
5,"Same_Situation","Two","IN3","Subject","That",100
5,"New_Situation","One","IN4","Subject","That",90
5,"New_Situation","One","IN4","Subject","The",70
5,"New_Situation","Two","IN5","Object","The",100
5,"New_Situation","Two","IN5","Object","That",100
5,"Same_Situation","One","IN6","Subject","The",100
5,"Same_Situation","One","IN6","Subject","That",100
5,"Same_Situation","Two","AN1","Subject","That",100
5,"Same_Situation","Two","AN1","Subject","The",100
5,"New_Situation","One","AN2","Object","The",75
5,"New_Situation","One","AN2","Object","That",75
5,"New_Situation","Two","AN3","Object","The",100
5,"New_Situation","Two","AN3","Object","That",100
5,"Same_Situation","One","AN4","Subject","That",12
5,"Same_Situation","One","AN4","Subject","The",100
5,"Same_Situation","Two","AN5","Object","That",100
5,"Same_Situation","Two","AN5","Object","The",100
5,"New_Situation","One","AN6","Object","That",100
5,"New_Situation","One","AN6","Object","The",100
6,"New_Situation","Two","IN1","Object","That",100
6,"New_Situation","Two","IN1","Object","The",91
6,"Same_Situation","One","IN2","Subject","The",91
6,"Same_Situation","One","IN2","Subject","That",84
6,"Same_Situation","Two","IN3","Subject","The",91
6,"Same_Situation","Two","IN3","Subject","That",58
6,"New_Situation","One","IN4","Subject","That",77
6,"New_Situation","One","IN4","Subject","The",91
6,"New_Situation","Two","IN5","Object","The",90
6,"New_Situation","Two","IN5","Object","That",89
6,"Same_Situation","One","IN6","Subject","The",96
6,"Same_Situation","One","IN6","Subject","That",78
6,"Same_Situation","Two","AN1","Subject","That",85
6,"Same_Situation","Two","AN1","Subject","The",72
6,"New_Situation","One","AN2","Object","The",79
6,"New_Situation","One","AN2","Object","That",99
6,"New_Situation","Two","AN3","Object","The",92
6,"New_Situation","Two","AN3","Object","That",61
6,"Same_Situation","One","AN4","Subject","That",93
6,"Same_Situation","One","AN4","Subject","The",71
6,"Same_Situation","Two","AN5","Object","That",73
6,"Same_Situation","Two","AN5","Object","The",70
6,"New_Situation","One","AN6","Object","That",58
6,"New_Situation","One","AN6","Object","The",99
7,"New_Situation","One","IN1","Object","The",96
7,"New_Situation","One","IN1","Object","That",82
7,"New_Situation","Two","IN2","Object","The",85
7,"New_Situation","Two","IN2","Object","That",88
7,"Same_Situation","One","IN3","Subject","That",93
7,"Same_Situation","One","IN3","Subject","The",95
7,"Same_Situation","Two","IN4","Object","The",97
7,"Same_Situation","Two","IN4","Object","That",30
7,"New_Situation","One","IN5","Object","The",92
7,"New_Situation","One","IN5","Object","That",93
7,"New_Situation","Two","IN6","Object","That",91
7,"New_Situation","Two","IN6","Object","The",96
7,"Same_Situation","One","AN1","Subject","The",92
7,"Same_Situation","One","AN1","Subject","That",90
7,"Same_Situation","Two","AN2","Subject","The",90
7,"Same_Situation","Two","AN2","Subject","That",66
7,"New_Situation","One","AN3","Object","That",91
7,"New_Situation","One","AN3","Object","The",89
7,"New_Situation","Two","AN4","Object","That",95
7,"New_Situation","Two","AN4","Object","The",91
7,"Same_Situation","One","AN5","Object","That",71
7,"Same_Situation","One","AN5","Object","The",88
7,"Same_Situation","Two","AN6","Subject","That",23
7,"Same_Situation","Two","AN6","Subject","The",95
8,"New_Situation","One","IN1","Object","The",34
8,"New_Situation","One","IN1","Object","That",34
8,"New_Situation","Two","IN2","Object","The",100
8,"New_Situation","Two","IN2","Object","That",67
8,"Same_Situation","One","IN3","Subject","That",54
8,"Same_Situation","One","IN3","Subject","The",100
8,"Same_Situation","Two","IN4","Object","The",96
8,"Same_Situation","Two","IN4","Object","That",3
8,"New_Situation","One","IN5","Object","The",100
8,"New_Situation","One","IN5","Object","That",80
8,"New_Situation","Two","IN6","Object","That",6
8,"New_Situation","Two","IN6","Object","The",99
8,"Same_Situation","One","AN1","Subject","The",100
8,"Same_Situation","One","AN1","Subject","That",80
8,"Same_Situation","Two","AN2","Subject","The",100
8,"Same_Situation","Two","AN2","Subject","That",60
8,"New_Situation","One","AN3","Object","That",65
8,"New_Situation","One","AN3","Object","The",71
8,"New_Situation","Two","AN4","Object","That",0
8,"New_Situation","Two","AN4","Object","The",0
8,"Same_Situation","One","AN5","Object","That",45
8,"Same_Situation","One","AN5","Object","The",100
8,"Same_Situation","Two","AN6","Subject","That",5
8,"Same_Situation","Two","AN6","Subject","The",79
9,"Same_Situation","Two","IN1","Subject","The",91
9,"Same_Situation","Two","IN1","Subject","That",91
9,"New_Situation","One","IN2","Object","That",100
9,"New_Situation","One","IN2","Object","The",86
9,"New_Situation","Two","IN3","Object","The",32
9,"New_Situation","Two","IN3","Object","That",92
9,"Same_Situation","One","IN4","Object","The",69
9,"Same_Situation","One","IN4","Object","That",96
9,"Same_Situation","Two","IN5","Object","That",94
9,"Same_Situation","Two","IN5","Object","The",98
9,"New_Situation","One","IN6","Object","That",72
9,"New_Situation","One","IN6","Object","The",25
9,"New_Situation","Two","AN1","Subject","That",91
9,"New_Situation","Two","AN1","Subject","The",66
9,"Same_Situation","One","AN2","Subject","That",34
9,"Same_Situation","One","AN2","Subject","The",82
9,"Same_Situation","Two","AN3","Subject","That",34
9,"Same_Situation","Two","AN3","Subject","The",88
9,"New_Situation","One","AN4","Object","The",16
9,"New_Situation","One","AN4","Object","That",85
9,"New_Situation","Two","AN5","Subject","The",73
9,"New_Situation","Two","AN5","Subject","That",100
9,"Same_Situation","One","AN6","Subject","The",82
9,"Same_Situation","One","AN6","Subject","That",72
10,"Same_Situation","One","IN1","Subject","That",95
10,"Same_Situation","One","IN1","Subject","The",73
10,"Same_Situation","Two","IN2","Subject","That",63
10,"Same_Situation","Two","IN2","Subject","The",81
10,"New_Situation","One","IN3","Object","That",62
10,"New_Situation","One","IN3","Object","The",80
10,"New_Situation","Two","IN4","Subject","That",44
10,"New_Situation","Two","IN4","Subject","The",86
10,"Same_Situation","One","IN5","Object","That",57
10,"Same_Situation","One","IN5","Object","The",63
10,"Same_Situation","Two","IN6","Subject","The",85
10,"Same_Situation","Two","IN6","Subject","That",77
10,"New_Situation","One","AN1","Subject","The",82
10,"New_Situation","One","AN1","Subject","That",67
10,"New_Situation","Two","AN2","Object","That",58
10,"New_Situation","Two","AN2","Object","The",76
10,"Same_Situation","One","AN3","Subject","The",19
10,"Same_Situation","One","AN3","Subject","That",15
10,"Same_Situation","Two","AN4","Subject","The",74
10,"Same_Situation","Two","AN4","Subject","That",60
10,"New_Situation","One","AN5","Subject","The",50
10,"New_Situation","One","AN5","Subject","That",76
10,"New_Situation","Two","AN6","Object","The",76
10,"New_Situation","Two","AN6","Object","That",60
12,"New_Situation","One","IN1","Object","The",99
12,"New_Situation","One","IN1","Object","That",100
12,"New_Situation","Two","IN2","Object","The",95
12,"New_Situation","Two","IN2","Object","That",75
12,"Same_Situation","One","IN3","Subject","That",95
12,"Same_Situation","One","IN3","Subject","The",100
12,"Same_Situation","Two","IN4","Object","The",100
12,"Same_Situation","Two","IN4","Object","That",40
12,"New_Situation","One","IN5","Object","The",95
12,"New_Situation","One","IN5","Object","That",100
12,"New_Situation","Two","IN6","Object","That",85
12,"New_Situation","Two","IN6","Object","The",100
12,"Same_Situation","One","AN1","Subject","The",100
12,"Same_Situation","One","AN1","Subject","That",95
12,"Same_Situation","Two","AN2","Subject","The",100
12,"Same_Situation","Two","AN2","Subject","That",20
12,"New_Situation","One","AN3","Object","That",100
12,"New_Situation","One","AN3","Object","The",100
12,"New_Situation","Two","AN4","Object","That",70
12,"New_Situation","Two","AN4","Object","The",80
12,"Same_Situation","One","AN5","Object","That",90
12,"Same_Situation","One","AN5","Object","The",100
12,"Same_Situation","Two","AN6","Subject","That",75
12,"Same_Situation","Two","AN6","Subject","The",100
13,"Same_Situation","Two","IN1","Subject","The",72
13,"Same_Situation","Two","IN1","Subject","That",85
13,"New_Situation","One","IN2","Object","That",60
13,"New_Situation","One","IN2","Object","The",83
13,"New_Situation","Two","IN3","Object","The",79
13,"New_Situation","Two","IN3","Object","That",72
13,"Same_Situation","One","IN4","Object","The",85
13,"Same_Situation","One","IN4","Object","That",70
13,"Same_Situation","Two","IN5","Object","That",77
13,"Same_Situation","Two","IN5","Object","The",90
13,"New_Situation","One","IN6","Object","That",90
13,"New_Situation","One","IN6","Object","The",97
13,"New_Situation","Two","AN1","Subject","That",86
13,"New_Situation","Two","AN1","Subject","The",72
13,"Same_Situation","One","AN2","Subject","That",38
13,"Same_Situation","One","AN2","Subject","The",83
13,"Same_Situation","Two","AN3","Subject","That",7
13,"Same_Situation","Two","AN3","Subject","The",88
13,"New_Situation","One","AN4","Object","The",68
13,"New_Situation","One","AN4","Object","That",91
13,"New_Situation","Two","AN5","Subject","The",74
13,"New_Situation","Two","AN5","Subject","That",68
13,"Same_Situation","One","AN6","Subject","The",86
13,"Same_Situation","One","AN6","Subject","That",73
14,"New_Situation","Two","IN1","Object","That",30
14,"New_Situation","Two","IN1","Object","The",80
14,"Same_Situation","One","IN2","Subject","The",89
14,"Same_Situation","One","IN2","Subject","That",56
14,"Same_Situation","Two","IN3","Subject","The",91
14,"Same_Situation","Two","IN3","Subject","That",55
14,"New_Situation","One","IN4","Subject","That",76
14,"New_Situation","One","IN4","Subject","The",71
14,"New_Situation","Two","IN5","Object","The",91
14,"New_Situation","Two","IN5","Object","That",57
14,"Same_Situation","One","IN6","Subject","The",88
14,"Same_Situation","One","IN6","Subject","That",56
14,"Same_Situation","Two","AN1","Subject","That",36
14,"Same_Situation","Two","AN1","Subject","The",88
14,"New_Situation","One","AN2","Object","The",81
14,"New_Situation","One","AN2","Object","That",56
14,"New_Situation","Two","AN3","Object","The",85
14,"New_Situation","Two","AN3","Object","That",70
14,"Same_Situation","One","AN4","Subject","That",59
14,"Same_Situation","One","AN4","Subject","The",93
14,"Same_Situation","Two","AN5","Object","That",28
14,"Same_Situation","Two","AN5","Object","The",91
14,"New_Situation","One","AN6","Object","That",53
14,"New_Situation","One","AN6","Object","The",90
15,"New_Situation","One","IN1","Object","The",64
15,"New_Situation","One","IN1","Object","That",40
15,"New_Situation","Two","IN2","Object","The",79
15,"New_Situation","Two","IN2","Object","That",59
15,"Same_Situation","One","IN3","Subject","That",70
15,"Same_Situation","One","IN3","Subject","The",51
15,"Same_Situation","Two","IN4","Object","The",75
15,"Same_Situation","Two","IN4","Object","That",36
15,"New_Situation","One","IN5","Object","The",76
15,"New_Situation","One","IN5","Object","That",59
15,"New_Situation","Two","IN6","Object","That",81
15,"New_Situation","Two","IN6","Object","The",52
15,"Same_Situation","One","AN1","Subject","The",52
15,"Same_Situation","One","AN1","Subject","That",28
15,"Same_Situation","Two","AN2","Subject","The",67
15,"Same_Situation","Two","AN2","Subject","That",40
15,"New_Situation","One","AN3","Object","That",72
15,"New_Situation","One","AN3","Object","The",80
15,"New_Situation","Two","AN4","Object","That",8
15,"New_Situation","Two","AN4","Object","The",7
15,"Same_Situation","One","AN5","Object","That",69
15,"Same_Situation","One","AN5","Object","The",60
15,"Same_Situation","Two","AN6","Subject","That",29
15,"Same_Situation","Two","AN6","Subject","The",86
16,"Same_Situation","Two","IN1","Subject","The",91
16,"Same_Situation","Two","IN1","Subject","That",48
16,"New_Situation","One","IN2","Object","That",88
16,"New_Situation","One","IN2","Object","The",30
16,"New_Situation","Two","IN3","Object","The",83
16,"New_Situation","Two","IN3","Object","That",43
16,"Same_Situation","One","IN4","Object","The",84
16,"Same_Situation","One","IN4","Object","That",36
16,"Same_Situation","Two","IN5","Object","That",27
16,"Same_Situation","Two","IN5","Object","The",78
16,"New_Situation","One","IN6","Object","That",37
16,"New_Situation","One","IN6","Object","The",86
16,"New_Situation","Two","AN1","Subject","That",13
16,"New_Situation","Two","AN1","Subject","The",80
16,"Same_Situation","One","AN2","Subject","That",42
16,"Same_Situation","One","AN2","Subject","The",85
16,"Same_Situation","Two","AN3","Subject","That",28
16,"Same_Situation","Two","AN3","Subject","The",84
16,"New_Situation","One","AN4","Object","The",86
16,"New_Situation","One","AN4","Object","That",40
16,"New_Situation","Two","AN5","Subject","The",88
16,"New_Situation","Two","AN5","Subject","That",25
16,"Same_Situation","One","AN6","Subject","The",92
16,"Same_Situation","One","AN6","Subject","That",25
17,"New_Situation","Two","IN1","Object","That",66
17,"New_Situation","Two","IN1","Object","The",21
17,"Same_Situation","One","IN2","Subject","The",98
17,"Same_Situation","One","IN2","Subject","That",65
17,"Same_Situation","Two","IN3","Subject","The",100
17,"Same_Situation","Two","IN3","Subject","That",72
17,"New_Situation","One","IN4","Subject","That",99
17,"New_Situation","One","IN4","Subject","The",98
17,"New_Situation","Two","IN5","Object","The",95
17,"New_Situation","Two","IN5","Object","That",62
17,"Same_Situation","One","IN6","Subject","The",96
17,"Same_Situation","One","IN6","Subject","That",60
17,"Same_Situation","Two","AN1","Subject","That",77
17,"Same_Situation","Two","AN1","Subject","The",100
17,"New_Situation","One","AN2","Object","The",77
17,"New_Situation","One","AN2","Object","That",96
17,"New_Situation","Two","AN3","Object","The",66
17,"New_Situation","Two","AN3","Object","That",77
17,"Same_Situation","One","AN4","Subject","That",71
17,"Same_Situation","One","AN4","Subject","The",100
17,"Same_Situation","Two","AN5","Object","That",80
17,"Same_Situation","Two","AN5","Object","The",100
17,"New_Situation","One","AN6","Object","That",80
17,"New_Situation","One","AN6","Object","The",100
18,"Same_Situation","One","IN1","Subject","That",60
18,"Same_Situation","One","IN1","Subject","The",90
18,"Same_Situation","Two","IN2","Subject","That",60
18,"Same_Situation","Two","IN2","Subject","The",100
18,"New_Situation","One","IN3","Object","That",60
18,"New_Situation","One","IN3","Object","The",90
18,"New_Situation","Two","IN4","Subject","That",40
18,"New_Situation","Two","IN4","Subject","The",91
18,"Same_Situation","One","IN5","Object","That",90
18,"Same_Situation","One","IN5","Object","The",100
18,"Same_Situation","Two","IN6","Subject","The",100
18,"Same_Situation","Two","IN6","Subject","That",71
18,"New_Situation","One","AN1","Subject","The",100
18,"New_Situation","One","AN1","Subject","That",92
18,"New_Situation","Two","AN2","Object","That",90
18,"New_Situation","Two","AN2","Object","The",70
18,"Same_Situation","One","AN3","Subject","The",90
18,"Same_Situation","One","AN3","Subject","That",52
18,"Same_Situation","Two","AN4","Subject","The",95
18,"Same_Situation","Two","AN4","Subject","That",70
18,"New_Situation","One","AN5","Subject","The",91
18,"New_Situation","One","AN5","Subject","That",65
18,"New_Situation","Two","AN6","Object","The",100
18,"New_Situation","Two","AN6","Object","That",60
19,"New_Situation","Two","IN1","Object","That",87
19,"New_Situation","Two","IN1","Object","The",89
19,"Same_Situation","One","IN2","Subject","The",100
19,"Same_Situation","One","IN2","Subject","That",90
19,"Same_Situation","Two","IN3","Subject","The",100
19,"Same_Situation","Two","IN3","Subject","That",30
19,"New_Situation","One","IN4","Subject","That",100
19,"New_Situation","One","IN4","Subject","The",93
19,"New_Situation","Two","IN5","Object","The",99
19,"New_Situation","Two","IN5","Object","That",84
19,"Same_Situation","One","IN6","Subject","The",73
19,"Same_Situation","One","IN6","Subject","That",83
19,"Same_Situation","Two","AN1","Subject","That",61
19,"Same_Situation","Two","AN1","Subject","The",100
19,"New_Situation","One","AN2","Object","The",97
19,"New_Situation","One","AN2","Object","That",100
19,"New_Situation","Two","AN3","Object","The",98
19,"New_Situation","Two","AN3","Object","That",97
19,"Same_Situation","One","AN4","Subject","That",95
19,"Same_Situation","One","AN4","Subject","The",90
19,"Same_Situation","Two","AN5","Object","That",73
19,"Same_Situation","Two","AN5","Object","The",100
19,"New_Situation","One","AN6","Object","That",94
19,"New_Situation","One","AN6","Object","The",89
20,"Same_Situation","Two","IN1","Subject","The",82
20,"Same_Situation","Two","IN1","Subject","That",69
20,"New_Situation","One","IN2","Object","That",83
20,"New_Situation","One","IN2","Object","The",69
20,"New_Situation","Two","IN3","Object","The",76
20,"New_Situation","Two","IN3","Object","That",33
20,"Same_Situation","One","IN4","Object","The",98
20,"Same_Situation","One","IN4","Object","That",69
20,"Same_Situation","Two","IN5","Object","That",79
20,"Same_Situation","Two","IN5","Object","The",91
20,"New_Situation","One","IN6","Object","That",73
20,"New_Situation","One","IN6","Object","The",69
20,"New_Situation","Two","AN1","Subject","That",63
20,"New_Situation","Two","AN1","Subject","The",81
20,"Same_Situation","One","AN2","Subject","That",56
20,"Same_Situation","One","AN2","Subject","The",92
20,"Same_Situation","Two","AN3","Subject","That",59
20,"Same_Situation","Two","AN3","Subject","The",90
20,"New_Situation","One","AN4","Object","The",70
20,"New_Situation","One","AN4","Object","That",64
20,"New_Situation","Two","AN5","Subject","The",73
20,"New_Situation","Two","AN5","Subject","That",43
20,"Same_Situation","One","AN6","Subject","The",86
20,"Same_Situation","One","AN6","Subject","That",61
21,"Same_Situation","One","IN1","Subject","That",100
21,"Same_Situation","One","IN1","Subject","The",100
21,"Same_Situation","Two","IN2","Subject","That",33
21,"Same_Situation","Two","IN2","Subject","The",100
21,"New_Situation","One","IN3","Object","That",100
21,"New_Situation","One","IN3","Object","The",100
21,"New_Situation","Two","IN4","Subject","That",63
21,"New_Situation","Two","IN4","Subject","The",100
21,"Same_Situation","One","IN5","Object","That",100
21,"Same_Situation","One","IN5","Object","The",80
21,"Same_Situation","Two","IN6","Subject","The",100
21,"Same_Situation","Two","IN6","Subject","That",97
21,"New_Situation","One","AN1","Subject","The",100
21,"New_Situation","One","AN1","Subject","That",99
21,"New_Situation","Two","AN2","Object","That",85
21,"New_Situation","Two","AN2","Object","The",84
21,"Same_Situation","One","AN3","Subject","The",97
21,"Same_Situation","One","AN3","Subject","That",88
21,"Same_Situation","Two","AN4","Subject","The",100
21,"Same_Situation","Two","AN4","Subject","That",90
21,"New_Situation","One","AN5","Subject","The",97
21,"New_Situation","One","AN5","Subject","That",100
21,"New_Situation","Two","AN6","Object","The",100
21,"New_Situation","Two","AN6","Object","That",96
22,"New_Situation","One","IN1","Object","The",31
22,"New_Situation","One","IN1","Object","That",37
22,"New_Situation","Two","IN2","Object","The",95
22,"New_Situation","Two","IN2","Object","That",39
22,"Same_Situation","One","IN3","Subject","That",89
22,"Same_Situation","One","IN3","Subject","The",89
22,"Same_Situation","Two","IN4","Object","The",93
22,"Same_Situation","Two","IN4","Object","That",48
22,"New_Situation","One","IN5","Object","The",95
22,"New_Situation","One","IN5","Object","That",95
22,"New_Situation","Two","IN6","Object","That",89
22,"New_Situation","Two","IN6","Object","The",96
22,"Same_Situation","One","AN1","Subject","The",72
22,"Same_Situation","One","AN1","Subject","That",86
22,"Same_Situation","Two","AN2","Subject","The",95
22,"Same_Situation","Two","AN2","Subject","That",78
22,"New_Situation","One","AN3","Object","That",84
22,"New_Situation","One","AN3","Object","The",92
22,"New_Situation","Two","AN4","Object","That",70
22,"New_Situation","Two","AN4","Object","The",94
22,"Same_Situation","One","AN5","Object","That",94
22,"Same_Situation","One","AN5","Object","The",98
22,"Same_Situation","Two","AN6","Subject","That",47
22,"Same_Situation","Two","AN6","Subject","The",100
23,"New_Situation","Two","IN1","Object","That",69
23,"New_Situation","Two","IN1","Object","The",84
23,"Same_Situation","One","IN2","Subject","The",88
23,"Same_Situation","One","IN2","Subject","That",58
23,"Same_Situation","Two","IN3","Subject","The",88
23,"Same_Situation","Two","IN3","Subject","That",71
23,"New_Situation","One","IN4","Subject","That",65
23,"New_Situation","One","IN4","Subject","The",83
23,"New_Situation","Two","IN5","Object","The",95
23,"New_Situation","Two","IN5","Object","That",77
23,"Same_Situation","One","IN6","Subject","The",83
23,"Same_Situation","One","IN6","Subject","That",72
23,"Same_Situation","Two","AN1","Subject","That",59
23,"Same_Situation","Two","AN1","Subject","The",83
23,"New_Situation","One","AN2","Object","The",73
23,"New_Situation","One","AN2","Object","That",87
23,"New_Situation","Two","AN3","Object","The",94
23,"New_Situation","Two","AN3","Object","That",72
23,"Same_Situation","One","AN4","Subject","That",62
23,"Same_Situation","One","AN4","Subject","The",83
23,"Same_Situation","Two","AN5","Object","That",65
23,"Same_Situation","Two","AN5","Object","The",89
23,"New_Situation","One","AN6","Object","That",67
23,"New_Situation","One","AN6","Object","The",86
24,"Same_Situation","Two","IN1","Subject","The",100
24,"Same_Situation","Two","IN1","Subject","That",97
24,"New_Situation","One","IN2","Object","That",100
24,"New_Situation","One","IN2","Object","The",99
24,"New_Situation","Two","IN3","Object","The",100
24,"New_Situation","Two","IN3","Object","That",99
24,"Same_Situation","One","IN4","Object","The",97
24,"Same_Situation","One","IN4","Object","That",99
24,"Same_Situation","Two","IN5","Object","That",95
24,"Same_Situation","Two","IN5","Object","The",100
24,"New_Situation","One","IN6","Object","That",100
24,"New_Situation","One","IN6","Object","The",98
24,"New_Situation","Two","AN1","Subject","That",95
24,"New_Situation","Two","AN1","Subject","The",100
24,"Same_Situation","One","AN2","Subject","That",92
24,"Same_Situation","One","AN2","Subject","The",100
24,"Same_Situation","Two","AN3","Subject","That",92
24,"Same_Situation","Two","AN3","Subject","The",100
24,"New_Situation","One","AN4","Object","The",0
24,"New_Situation","One","AN4","Object","That",0
24,"New_Situation","Two","AN5","Subject","The",100
24,"New_Situation","Two","AN5","Subject","That",100
24,"Same_Situation","One","AN6","Subject","The",100
24,"Same_Situation","One","AN6","Subject","That",99
25,"Same_Situation","One","IN1","Subject","That",0
25,"Same_Situation","One","IN1","Subject","The",100
25,"Same_Situation","Two","IN2","Subject","That",0
25,"Same_Situation","Two","IN2","Subject","The",100
25,"New_Situation","One","IN3","Object","That",100
25,"New_Situation","One","IN3","Object","The",0
25,"New_Situation","Two","IN4","Subject","That",100
25,"New_Situation","Two","IN4","Subject","The",0
25,"Same_Situation","One","IN5","Object","That",25
25,"Same_Situation","One","IN5","Object","The",83
25,"Same_Situation","Two","IN6","Subject","The",100
25,"Same_Situation","Two","IN6","Subject","That",0
25,"New_Situation","One","AN1","Subject","The",0
25,"New_Situation","One","AN1","Subject","That",100
25,"New_Situation","Two","AN2","Object","That",100
25,"New_Situation","Two","AN2","Object","The",0
25,"Same_Situation","One","AN3","Subject","The",100
25,"Same_Situation","One","AN3","Subject","That",0
25,"Same_Situation","Two","AN4","Subject","The",100
25,"Same_Situation","Two","AN4","Subject","That",0
25,"New_Situation","One","AN5","Subject","The",100
25,"New_Situation","One","AN5","Subject","That",0
25,"New_Situation","Two","AN6","Object","The",100
25,"New_Situation","Two","AN6","Object","That",0
26,"New_Situation","One","IN1","Object","The",50
26,"New_Situation","One","IN1","Object","That",55
26,"New_Situation","Two","IN2","Object","The",5
26,"New_Situation","Two","IN2","Object","That",10
26,"Same_Situation","One","IN3","Subject","That",70
26,"Same_Situation","One","IN3","Subject","The",90
26,"Same_Situation","Two","IN4","Object","The",85
26,"Same_Situation","Two","IN4","Object","That",20
26,"New_Situation","One","IN5","Object","The",80
26,"New_Situation","One","IN5","Object","That",65
26,"New_Situation","Two","IN6","Object","That",65
26,"New_Situation","Two","IN6","Object","The",90
26,"Same_Situation","One","AN1","Subject","The",70
26,"Same_Situation","One","AN1","Subject","That",70
26,"Same_Situation","Two","AN2","Subject","The",95
26,"Same_Situation","Two","AN2","Subject","That",10
26,"New_Situation","One","AN3","Object","That",65
26,"New_Situation","One","AN3","Object","The",60
26,"New_Situation","Two","AN4","Object","That",15
26,"New_Situation","Two","AN4","Object","The",10
26,"Same_Situation","One","AN5","Object","That",80
26,"Same_Situation","One","AN5","Object","The",90
26,"Same_Situation","Two","AN6","Subject","That",20
26,"Same_Situation","Two","AN6","Subject","The",90
29,"New_Situation","Two","IN1","Object","That",68
29,"New_Situation","Two","IN1","Object","The",85
29,"Same_Situation","One","IN2","Subject","The",94
29,"Same_Situation","One","IN2","Subject","That",89
29,"Same_Situation","Two","IN3","Subject","The",90
29,"Same_Situation","Two","IN3","Subject","That",83
29,"New_Situation","One","IN4","Subject","That",72
29,"New_Situation","One","IN4","Subject","The",66
29,"New_Situation","Two","IN5","Object","The",85
29,"New_Situation","Two","IN5","Object","That",65
29,"Same_Situation","One","IN6","Subject","The",80
29,"Same_Situation","One","IN6","Subject","That",80
29,"Same_Situation","Two","AN1","Subject","That",70
29,"Same_Situation","Two","AN1","Subject","The",85
29,"New_Situation","One","AN2","Object","The",87
29,"New_Situation","One","AN2","Object","That",90
29,"New_Situation","Two","AN3","Object","The",80
29,"New_Situation","Two","AN3","Object","That",80
29,"Same_Situation","One","AN4","Subject","That",81
29,"Same_Situation","One","AN4","Subject","The",89
29,"Same_Situation","Two","AN5","Object","That",76
29,"Same_Situation","Two","AN5","Object","The",92
29,"New_Situation","One","AN6","Object","That",89
29,"New_Situation","One","AN6","Object","The",84
30,"New_Situation","One","IN1","Object","The",100
30,"New_Situation","One","IN1","Object","That",61
30,"New_Situation","Two","IN2","Object","The",100
30,"New_Situation","Two","IN2","Object","That",40
30,"Same_Situation","One","IN3","Subject","That",86
30,"Same_Situation","One","IN3","Subject","The",100
30,"Same_Situation","Two","IN4","Object","The",100
30,"Same_Situation","Two","IN4","Object","That",10
30,"New_Situation","One","IN5","Object","The",100
30,"New_Situation","One","IN5","Object","That",46
30,"New_Situation","Two","IN6","Object","That",40
30,"New_Situation","Two","IN6","Object","The",100
30,"Same_Situation","One","AN1","Subject","The",100
30,"Same_Situation","One","AN1","Subject","That",30
30,"Same_Situation","Two","AN2","Subject","The",100
30,"Same_Situation","Two","AN2","Subject","That",20
30,"New_Situation","One","AN3","Object","That",100
30,"New_Situation","One","AN3","Object","The",60
30,"New_Situation","Two","AN4","Object","That",0
30,"New_Situation","Two","AN4","Object","The",10
30,"Same_Situation","One","AN5","Object","That",20
30,"Same_Situation","One","AN5","Object","The",100
30,"Same_Situation","Two","AN6","Subject","That",40
30,"Same_Situation","Two","AN6","Subject","The",100
31,"Same_Situation","One","IN1","Subject","That",71
31,"Same_Situation","One","IN1","Subject","The",94
31,"Same_Situation","Two","IN2","Subject","That",74
31,"Same_Situation","Two","IN2","Subject","The",100
31,"New_Situation","One","IN3","Object","That",87
31,"New_Situation","One","IN3","Object","The",100
31,"New_Situation","Two","IN4","Subject","That",84
31,"New_Situation","Two","IN4","Subject","The",100
31,"Same_Situation","One","IN5","Object","That",94
31,"Same_Situation","One","IN5","Object","The",90
31,"Same_Situation","Two","IN6","Subject","The",94
31,"Same_Situation","Two","IN6","Subject","That",39
31,"New_Situation","One","AN1","Subject","The",93
31,"New_Situation","One","AN1","Subject","That",71
31,"New_Situation","Two","AN2","Object","That",86
31,"New_Situation","Two","AN2","Object","The",100
31,"Same_Situation","One","AN3","Subject","The",91
31,"Same_Situation","One","AN3","Subject","That",92
31,"Same_Situation","Two","AN4","Subject","The",100
31,"Same_Situation","Two","AN4","Subject","That",44
31,"New_Situation","One","AN5","Subject","The",100
31,"New_Situation","One","AN5","Subject","That",90
31,"New_Situation","Two","AN6","Object","The",100
31,"New_Situation","Two","AN6","Object","That",80
32,"New_Situation","Two","IN1","Object","That",44
32,"New_Situation","Two","IN1","Object","The",76
32,"Same_Situation","One","IN2","Subject","The",50
32,"Same_Situation","One","IN2","Subject","That",55
32,"Same_Situation","Two","IN3","Subject","The",82
32,"Same_Situation","Two","IN3","Subject","That",51
32,"New_Situation","One","IN4","Subject","That",51
32,"New_Situation","One","IN4","Subject","The",62
32,"New_Situation","Two","IN5","Object","The",95
32,"New_Situation","Two","IN5","Object","That",52
32,"Same_Situation","One","IN6","Subject","The",69
32,"Same_Situation","One","IN6","Subject","That",60
32,"Same_Situation","Two","AN1","Subject","That",60
32,"Same_Situation","Two","AN1","Subject","The",73
32,"New_Situation","One","AN2","Object","The",53
32,"New_Situation","One","AN2","Object","That",66
32,"New_Situation","Two","AN3","Object","The",34
32,"New_Situation","Two","AN3","Object","That",95
32,"Same_Situation","One","AN4","Subject","That",69
32,"Same_Situation","One","AN4","Subject","The",74
32,"Same_Situation","Two","AN5","Object","That",7
32,"Same_Situation","Two","AN5","Object","The",96
32,"New_Situation","One","AN6","Object","That",54
32,"New_Situation","One","AN6","Object","The",88
33,"Same_Situation","Two","IN1","Subject","The",100
33,"Same_Situation","Two","IN1","Subject","That",70
33,"New_Situation","One","IN2","Object","That",80
33,"New_Situation","One","IN2","Object","The",90
33,"New_Situation","Two","IN3","Object","The",100
33,"New_Situation","Two","IN3","Object","That",70
33,"Same_Situation","One","IN4","Object","The",90
33,"Same_Situation","One","IN4","Object","That",80
33,"Same_Situation","Two","IN5","Object","That",80
33,"Same_Situation","Two","IN5","Object","The",100
33,"New_Situation","One","IN6","Object","That",80
33,"New_Situation","One","IN6","Object","The",100
33,"New_Situation","Two","AN1","Subject","That",90
33,"New_Situation","Two","AN1","Subject","The",100
33,"Same_Situation","One","AN2","Subject","That",80
33,"Same_Situation","One","AN2","Subject","The",100
33,"Same_Situation","Two","AN3","Subject","That",80
33,"Same_Situation","Two","AN3","Subject","The",100
33,"New_Situation","One","AN4","Object","The",100
33,"New_Situation","One","AN4","Object","That",80
33,"New_Situation","Two","AN5","Subject","The",99
33,"New_Situation","Two","AN5","Subject","That",80
33,"Same_Situation","One","AN6","Subject","The",100
33,"Same_Situation","One","AN6","Subject","That",80
34,"New_Situation","One","IN1","Object","The",76
34,"New_Situation","One","IN1","Object","That",24
34,"New_Situation","Two","IN2","Object","The",96
34,"New_Situation","Two","IN2","Object","That",31
34,"Same_Situation","One","IN3","Subject","That",37
34,"Same_Situation","One","IN3","Subject","The",90
34,"Same_Situation","Two","IN4","Object","The",95
34,"Same_Situation","Two","IN4","Object","That",0
34,"New_Situation","One","IN5","Object","The",93
34,"New_Situation","One","IN5","Object","That",23
34,"New_Situation","Two","IN6","Object","That",91
34,"New_Situation","Two","IN6","Object","The",27
34,"Same_Situation","One","AN1","Subject","The",100
34,"Same_Situation","One","AN1","Subject","That",17
34,"Same_Situation","Two","AN2","Subject","The",100
34,"Same_Situation","Two","AN2","Subject","That",0
34,"New_Situation","One","AN3","Object","That",100
34,"New_Situation","One","AN3","Object","The",24
34,"New_Situation","Two","AN4","Object","That",84
34,"New_Situation","Two","AN4","Object","The",28
34,"Same_Situation","One","AN5","Object","That",8
34,"Same_Situation","One","AN5","Object","The",100
34,"Same_Situation","Two","AN6","Subject","That",17
34,"Same_Situation","Two","AN6","Subject","The",100
35,"Same_Situation","Two","IN1","Subject","The",93
35,"Same_Situation","Two","IN1","Subject","That",64
35,"New_Situation","One","IN2","Object","That",90
35,"New_Situation","One","IN2","Object","The",80
35,"New_Situation","Two","IN3","Object","The",90
35,"New_Situation","Two","IN3","Object","That",24
35,"Same_Situation","One","IN4","Object","The",97
35,"Same_Situation","One","IN4","Object","That",63
35,"Same_Situation","Two","IN5","Object","That",59
35,"Same_Situation","Two","IN5","Object","The",90
35,"New_Situation","One","IN6","Object","That",61
35,"New_Situation","One","IN6","Object","The",94
35,"New_Situation","Two","AN1","Subject","That",61
35,"New_Situation","Two","AN1","Subject","The",84
35,"Same_Situation","One","AN2","Subject","That",61
35,"Same_Situation","One","AN2","Subject","The",91
35,"Same_Situation","Two","AN3","Subject","That",61
35,"Same_Situation","Two","AN3","Subject","The",90
35,"New_Situation","One","AN4","Object","The",93
35,"New_Situation","One","AN4","Object","That",57
35,"New_Situation","Two","AN5","Subject","The",77
35,"New_Situation","Two","AN5","Subject","That",66
35,"Same_Situation","One","AN6","Subject","The",90
35,"Same_Situation","One","AN6","Subject","That",67
36,"Same_Situation","One","IN1","Subject","That",93
36,"Same_Situation","One","IN1","Subject","The",100
36,"Same_Situation","Two","IN2","Subject","That",27
36,"Same_Situation","Two","IN2","Subject","The",80
36,"New_Situation","One","IN3","Object","That",69
36,"New_Situation","One","IN3","Object","The",82
36,"New_Situation","Two","IN4","Subject","That",73
36,"New_Situation","Two","IN4","Subject","The",75
36,"Same_Situation","One","IN5","Object","That",73
36,"Same_Situation","One","IN5","Object","The",66
36,"Same_Situation","Two","IN6","Subject","The",74
36,"Same_Situation","Two","IN6","Subject","That",22
36,"New_Situation","One","AN1","Subject","The",83
36,"New_Situation","One","AN1","Subject","That",89
36,"New_Situation","Two","AN2","Object","That",21
36,"New_Situation","Two","AN2","Object","The",85
36,"Same_Situation","One","AN3","Subject","The",79
36,"Same_Situation","One","AN3","Subject","That",83
36,"Same_Situation","Two","AN4","Subject","The",75
36,"Same_Situation","Two","AN4","Subject","That",72
36,"New_Situation","One","AN5","Subject","The",83
36,"New_Situation","One","AN5","Subject","That",82
36,"New_Situation","Two","AN6","Object","The",77
36,"New_Situation","Two","AN6","Object","That",70
37,"New_Situation","One","IN1","Object","The",79
37,"New_Situation","One","IN1","Object","That",37
37,"New_Situation","Two","IN2","Object","The",84
37,"New_Situation","Two","IN2","Object","That",52
37,"Same_Situation","One","IN3","Subject","That",26
37,"Same_Situation","One","IN3","Subject","The",78
37,"Same_Situation","Two","IN4","Object","The",90
37,"Same_Situation","Two","IN4","Object","That",19
37,"New_Situation","One","IN5","Object","The",87
37,"New_Situation","One","IN5","Object","That",20
37,"New_Situation","Two","IN6","Object","That",39
37,"New_Situation","Two","IN6","Object","The",87
37,"Same_Situation","One","AN1","Subject","The",69
37,"Same_Situation","One","AN1","Subject","That",61
37,"Same_Situation","Two","AN2","Subject","The",76
37,"Same_Situation","Two","AN2","Subject","That",25
37,"New_Situation","One","AN3","Object","That",38
37,"New_Situation","One","AN3","Object","The",79
37,"New_Situation","Two","AN4","Object","That",16
37,"New_Situation","Two","AN4","Object","The",84
37,"Same_Situation","One","AN5","Object","That",52
37,"Same_Situation","One","AN5","Object","The",78
37,"Same_Situation","Two","AN6","Subject","That",14
37,"Same_Situation","Two","AN6","Subject","The",97
38,"New_Situation","Two","IN1","Object","That",100
38,"New_Situation","Two","IN1","Object","The",90
38,"Same_Situation","One","IN2","Subject","The",100
38,"Same_Situation","One","IN2","Subject","That",90
38,"Same_Situation","Two","IN3","Subject","The",100
38,"Same_Situation","Two","IN3","Subject","That",80
38,"New_Situation","One","IN4","Subject","That",90
38,"New_Situation","One","IN4","Subject","The",100
38,"New_Situation","Two","IN5","Object","The",100
38,"New_Situation","Two","IN5","Object","That",90
38,"Same_Situation","One","IN6","Subject","The",100
38,"Same_Situation","One","IN6","Subject","That",90
38,"Same_Situation","Two","AN1","Subject","That",90
38,"Same_Situation","Two","AN1","Subject","The",100
38,"New_Situation","One","AN2","Object","The",100
38,"New_Situation","One","AN2","Object","That",100
38,"New_Situation","Two","AN3","Object","The",90
38,"New_Situation","Two","AN3","Object","That",100
38,"Same_Situation","One","AN4","Subject","That",90
38,"Same_Situation","One","AN4","Subject","The",100
38,"Same_Situation","Two","AN5","Object","That",90
38,"Same_Situation","Two","AN5","Object","The",100
38,"New_Situation","One","AN6","Object","That",95
38,"New_Situation","One","AN6","Object","The",100
39,"New_Situation","One","IN1","Object","The",100
39,"New_Situation","One","IN1","Object","That",77
39,"New_Situation","Two","IN2","Object","The",82
39,"New_Situation","Two","IN2","Object","That",90
39,"Same_Situation","One","IN3","Subject","That",75
39,"Same_Situation","One","IN3","Subject","The",94
39,"Same_Situation","Two","IN4","Object","The",100
39,"Same_Situation","Two","IN4","Object","That",75
39,"New_Situation","One","IN5","Object","The",93
39,"New_Situation","One","IN5","Object","That",70
39,"New_Situation","Two","IN6","Object","That",85
39,"New_Situation","Two","IN6","Object","The",69
39,"Same_Situation","One","AN1","Subject","The",99
39,"Same_Situation","One","AN1","Subject","That",81
39,"Same_Situation","Two","AN2","Subject","The",90
39,"Same_Situation","Two","AN2","Subject","That",75
39,"New_Situation","One","AN3","Object","That",92
39,"New_Situation","One","AN3","Object","The",89
39,"New_Situation","Two","AN4","Object","That",72
39,"New_Situation","Two","AN4","Object","The",92
39,"Same_Situation","One","AN5","Object","That",74
39,"Same_Situation","One","AN5","Object","The",89
39,"Same_Situation","Two","AN6","Subject","That",79
39,"Same_Situation","Two","AN6","Subject","The",95
40,"Same_Situation","One","IN1","Subject","That",60
40,"Same_Situation","One","IN1","Subject","The",90
40,"Same_Situation","Two","IN2","Subject","That",40
40,"Same_Situation","Two","IN2","Subject","The",90
40,"New_Situation","One","IN3","Object","That",55
40,"New_Situation","One","IN3","Object","The",80
40,"New_Situation","Two","IN4","Subject","That",84
40,"New_Situation","Two","IN4","Subject","The",84
40,"Same_Situation","One","IN5","Object","That",65
40,"Same_Situation","One","IN5","Object","The",100
40,"Same_Situation","Two","IN6","Subject","The",85
40,"Same_Situation","Two","IN6","Subject","That",30
40,"New_Situation","One","AN1","Subject","The",85
40,"New_Situation","One","AN1","Subject","That",60
40,"New_Situation","Two","AN2","Object","That",89
40,"New_Situation","Two","AN2","Object","The",90
40,"Same_Situation","One","AN3","Subject","The",70
40,"Same_Situation","One","AN3","Subject","That",54
40,"Same_Situation","Two","AN4","Subject","The",85
40,"Same_Situation","Two","AN4","Subject","That",40
40,"New_Situation","One","AN5","Subject","The",80
40,"New_Situation","One","AN5","Subject","That",60
40,"New_Situation","Two","AN6","Object","The",85
40,"New_Situation","Two","AN6","Object","That",53
41,"Same_Situation","Two","IN1","Subject","The",97
41,"Same_Situation","Two","IN1","Subject","That",47
41,"New_Situation","One","IN2","Object","That",45
41,"New_Situation","One","IN2","Object","The",98
41,"New_Situation","Two","IN3","Object","The",94
41,"New_Situation","Two","IN3","Object","That",39
41,"Same_Situation","One","IN4","Object","The",76
41,"Same_Situation","One","IN4","Object","That",88
41,"Same_Situation","Two","IN5","Object","That",64
41,"Same_Situation","Two","IN5","Object","The",85
41,"New_Situation","One","IN6","Object","That",85
41,"New_Situation","One","IN6","Object","The",76
41,"New_Situation","Two","AN1","Subject","That",56
41,"New_Situation","Two","AN1","Subject","The",92
41,"Same_Situation","One","AN2","Subject","That",40
41,"Same_Situation","One","AN2","Subject","The",92
41,"Same_Situation","Two","AN3","Subject","That",54
41,"Same_Situation","Two","AN3","Subject","The",92
41,"New_Situation","One","AN4","Object","The",95
41,"New_Situation","One","AN4","Object","That",54
41,"New_Situation","Two","AN5","Subject","The",86
41,"New_Situation","Two","AN5","Subject","That",60
41,"Same_Situation","One","AN6","Subject","The",93
41,"Same_Situation","One","AN6","Subject","That",47
42,"Same_Situation","Two","IN1","Subject","The",76
42,"Same_Situation","Two","IN1","Subject","That",25
42,"New_Situation","One","IN2","Object","That",76
42,"New_Situation","One","IN2","Object","The",77
42,"New_Situation","Two","IN3","Object","The",71
42,"New_Situation","Two","IN3","Object","That",24
42,"Same_Situation","One","IN4","Object","The",35
42,"Same_Situation","One","IN4","Object","That",71
42,"Same_Situation","Two","IN5","Object","That",79
42,"Same_Situation","Two","IN5","Object","The",68
42,"New_Situation","One","IN6","Object","That",71
42,"New_Situation","One","IN6","Object","The",19
42,"New_Situation","Two","AN1","Subject","That",89
42,"New_Situation","Two","AN1","Subject","The",24
42,"Same_Situation","One","AN2","Subject","That",23
42,"Same_Situation","One","AN2","Subject","The",74
42,"Same_Situation","Two","AN3","Subject","That",28
42,"Same_Situation","Two","AN3","Subject","The",77
42,"New_Situation","One","AN4","Object","The",17
42,"New_Situation","One","AN4","Object","That",18
42,"New_Situation","Two","AN5","Subject","The",75
42,"New_Situation","Two","AN5","Subject","That",75
42,"Same_Situation","One","AN6","Subject","The",79
42,"Same_Situation","One","AN6","Subject","That",23
43,"New_Situation","Two","IN1","Object","That",59
43,"New_Situation","Two","IN1","Object","The",91
43,"Same_Situation","One","IN2","Subject","The",61
43,"Same_Situation","One","IN2","Subject","That",96
43,"Same_Situation","Two","IN3","Subject","The",90
43,"Same_Situation","Two","IN3","Subject","That",75
43,"New_Situation","One","IN4","Subject","That",83
43,"New_Situation","One","IN4","Subject","The",75
43,"New_Situation","Two","IN5","Object","The",74
43,"New_Situation","Two","IN5","Object","That",88
43,"Same_Situation","One","IN6","Subject","The",66
43,"Same_Situation","One","IN6","Subject","That",94
43,"Same_Situation","Two","AN1","Subject","That",94
43,"Same_Situation","Two","AN1","Subject","The",68
43,"New_Situation","One","AN2","Object","The",84
43,"New_Situation","One","AN2","Object","That",35
43,"New_Situation","Two","AN3","Object","The",98
43,"New_Situation","Two","AN3","Object","That",81
43,"Same_Situation","One","AN4","Subject","That",80
43,"Same_Situation","One","AN4","Subject","The",95
43,"Same_Situation","Two","AN5","Object","That",46
43,"Same_Situation","Two","AN5","Object","The",81
43,"New_Situation","One","AN6","Object","That",70
43,"New_Situation","One","AN6","Object","The",94
44,"Same_Situation","One","IN1","Subject","That",0
44,"Same_Situation","One","IN1","Subject","The",100
44,"Same_Situation","Two","IN2","Subject","That",0
44,"Same_Situation","Two","IN2","Subject","The",100
44,"New_Situation","One","IN3","Object","That",100
44,"New_Situation","One","IN3","Object","The",100
44,"New_Situation","Two","IN4","Subject","That",100
44,"New_Situation","Two","IN4","Subject","The",100
44,"Same_Situation","One","IN5","Object","That",100
44,"Same_Situation","One","IN5","Object","The",100
44,"Same_Situation","Two","IN6","Subject","The",100
44,"Same_Situation","Two","IN6","Subject","That",100
44,"New_Situation","One","AN1","Subject","The",100
44,"New_Situation","One","AN1","Subject","That",100
44,"New_Situation","Two","AN2","Object","That",100
44,"New_Situation","Two","AN2","Object","The",100
44,"Same_Situation","One","AN3","Subject","The",100
44,"Same_Situation","One","AN3","Subject","That",100
44,"Same_Situation","Two","AN4","Subject","The",100
44,"Same_Situation","Two","AN4","Subject","That",100
44,"New_Situation","One","AN5","Subject","The",100
44,"New_Situation","One","AN5","Subject","That",100
44,"New_Situation","Two","AN6","Object","The",100
44,"New_Situation","Two","AN6","Object","That",100
46,"New_Situation","Two","IN1","Object","That",100
46,"New_Situation","Two","IN1","Object","The",76
46,"Same_Situation","One","IN2","Subject","The",100
46,"Same_Situation","One","IN2","Subject","That",90
46,"Same_Situation","Two","IN3","Subject","The",100
46,"Same_Situation","Two","IN3","Subject","That",90
46,"New_Situation","One","IN4","Subject","That",80
46,"New_Situation","One","IN4","Subject","The",100
46,"New_Situation","Two","IN5","Object","The",100
46,"New_Situation","Two","IN5","Object","That",80
46,"Same_Situation","One","IN6","Subject","The",100
46,"Same_Situation","One","IN6","Subject","That",90
46,"Same_Situation","Two","AN1","Subject","That",90
46,"Same_Situation","Two","AN1","Subject","The",100
46,"New_Situation","One","AN2","Object","The",100
46,"New_Situation","One","AN2","Object","That",90
46,"New_Situation","Two","AN3","Object","The",100
46,"New_Situation","Two","AN3","Object","That",80
46,"Same_Situation","One","AN4","Subject","That",90
46,"Same_Situation","One","AN4","Subject","The",100
46,"Same_Situation","Two","AN5","Object","That",90
46,"Same_Situation","Two","AN5","Object","The",100
46,"New_Situation","One","AN6","Object","That",100
46,"New_Situation","One","AN6","Object","The",90
47,"Same_Situation","Two","IN1","Subject","The",66
47,"Same_Situation","Two","IN1","Subject","That",61
47,"New_Situation","One","IN2","Object","That",81
47,"New_Situation","One","IN2","Object","The",74
47,"New_Situation","Two","IN3","Object","The",83
47,"New_Situation","Two","IN3","Object","That",40
47,"Same_Situation","One","IN4","Object","The",67
47,"Same_Situation","One","IN4","Object","That",77
47,"Same_Situation","Two","IN5","Object","That",79
47,"Same_Situation","Two","IN5","Object","The",68
47,"New_Situation","One","IN6","Object","That",83
47,"New_Situation","One","IN6","Object","The",76
47,"New_Situation","Two","AN1","Subject","That",76
47,"New_Situation","Two","AN1","Subject","The",69
47,"Same_Situation","One","AN2","Subject","That",60
47,"Same_Situation","One","AN2","Subject","The",72
47,"Same_Situation","Two","AN3","Subject","That",40
47,"Same_Situation","Two","AN3","Subject","The",74
47,"New_Situation","One","AN4","Object","The",65
47,"New_Situation","One","AN4","Object","That",71
47,"New_Situation","Two","AN5","Subject","The",67
47,"New_Situation","Two","AN5","Subject","That",76
47,"Same_Situation","One","AN6","Subject","The",70
47,"Same_Situation","One","AN6","Subject","That",66
48,"New_Situation","One","IN1","Object","The",80
48,"New_Situation","One","IN1","Object","That",85
48,"New_Situation","Two","IN2","Object","The",91
48,"New_Situation","Two","IN2","Object","That",80
48,"Same_Situation","One","IN3","Subject","That",100
48,"Same_Situation","One","IN3","Subject","The",80
48,"Same_Situation","Two","IN4","Object","The",100
48,"Same_Situation","Two","IN4","Object","That",55
48,"New_Situation","One","IN5","Object","The",85
48,"New_Situation","One","IN5","Object","That",95
48,"New_Situation","Two","IN6","Object","That",60
48,"New_Situation","Two","IN6","Object","The",96
48,"Same_Situation","One","AN1","Subject","The",90
48,"Same_Situation","One","AN1","Subject","That",80
48,"Same_Situation","Two","AN2","Subject","The",95
48,"Same_Situation","Two","AN2","Subject","That",15
48,"New_Situation","One","AN3","Object","That",90
48,"New_Situation","One","AN3","Object","The",85
48,"New_Situation","Two","AN4","Object","That",40
48,"New_Situation","Two","AN4","Object","The",40
48,"Same_Situation","One","AN5","Object","That",75
48,"Same_Situation","One","AN5","Object","The",99
48,"Same_Situation","Two","AN6","Subject","That",40
48,"Same_Situation","Two","AN6","Subject","The",100
49,"Same_Situation","One","IN1","Subject","That",75
49,"Same_Situation","One","IN1","Subject","The",100
49,"Same_Situation","Two","IN2","Subject","That",81
49,"Same_Situation","Two","IN2","Subject","The",88
49,"New_Situation","One","IN3","Object","That",100
49,"New_Situation","One","IN3","Object","The",90
49,"New_Situation","Two","IN4","Subject","That",90
49,"New_Situation","Two","IN4","Subject","The",74
49,"Same_Situation","One","IN5","Object","That",67
49,"Same_Situation","One","IN5","Object","The",92
49,"Same_Situation","Two","IN6","Subject","The",100
49,"Same_Situation","Two","IN6","Subject","That",67
49,"New_Situation","One","AN1","Subject","The",100
49,"New_Situation","One","AN1","Subject","That",78
49,"New_Situation","Two","AN2","Object","That",35
49,"New_Situation","Two","AN2","Object","The",68
49,"Same_Situation","One","AN3","Subject","The",100
49,"Same_Situation","One","AN3","Subject","That",74
49,"Same_Situation","Two","AN4","Subject","The",100
49,"Same_Situation","Two","AN4","Subject","That",61
49,"New_Situation","One","AN5","Subject","The",100
49,"New_Situation","One","AN5","Subject","That",82
49,"New_Situation","Two","AN6","Object","The",100
49,"New_Situation","Two","AN6","Object","That",62
50,"New_Situation","Two","IN1","Object","That",85
50,"New_Situation","Two","IN1","Object","The",81
50,"Same_Situation","One","IN2","Subject","The",88
50,"Same_Situation","One","IN2","Subject","That",89
50,"Same_Situation","Two","IN3","Subject","The",55
50,"Same_Situation","Two","IN3","Subject","That",89
50,"New_Situation","One","IN4","Subject","That",97
50,"New_Situation","One","IN4","Subject","The",87
50,"New_Situation","Two","IN5","Object","The",93
50,"New_Situation","Two","IN5","Object","That",97
50,"Same_Situation","One","IN6","Subject","The",75
50,"Same_Situation","One","IN6","Subject","That",88
50,"Same_Situation","Two","AN1","Subject","That",48
50,"Same_Situation","Two","AN1","Subject","The",93
50,"New_Situation","One","AN2","Object","The",48
50,"New_Situation","One","AN2","Object","That",93
50,"New_Situation","Two","AN3","Object","The",72
50,"New_Situation","Two","AN3","Object","That",88
50,"Same_Situation","One","AN4","Subject","That",79
50,"Same_Situation","One","AN4","Subject","The",81
50,"Same_Situation","Two","AN5","Object","That",58
50,"Same_Situation","Two","AN5","Object","The",91
50,"New_Situation","One","AN6","Object","That",87
50,"New_Situation","One","AN6","Object","The",71
51,"New_Situation","One","IN1","Object","The",70
51,"New_Situation","One","IN1","Object","That",50
51,"New_Situation","Two","IN2","Object","The",63
51,"New_Situation","Two","IN2","Object","That",50
51,"Same_Situation","One","IN3","Subject","That",18
51,"Same_Situation","One","IN3","Subject","The",87
51,"Same_Situation","Two","IN4","Object","The",68
51,"Same_Situation","Two","IN4","Object","That",34
51,"New_Situation","One","IN5","Object","The",64
51,"New_Situation","One","IN5","Object","That",37
51,"New_Situation","Two","IN6","Object","That",35
51,"New_Situation","Two","IN6","Object","The",67
51,"Same_Situation","One","AN1","Subject","The",60
51,"Same_Situation","One","AN1","Subject","That",35
51,"Same_Situation","Two","AN2","Subject","The",78
51,"Same_Situation","Two","AN2","Subject","That",25
51,"New_Situation","One","AN3","Object","That",73
51,"New_Situation","One","AN3","Object","The",60
51,"New_Situation","Two","AN4","Object","That",64
51,"New_Situation","Two","AN4","Object","The",37
51,"Same_Situation","One","AN5","Object","That",64
51,"Same_Situation","One","AN5","Object","The",82
51,"Same_Situation","Two","AN6","Subject","That",50
51,"Same_Situation","Two","AN6","Subject","The",69
52,"Same_Situation","Two","IN1","Subject","The",92
52,"Same_Situation","Two","IN1","Subject","That",27
52,"New_Situation","One","IN2","Object","That",92
52,"New_Situation","One","IN2","Object","The",44
52,"New_Situation","Two","IN3","Object","The",94
52,"New_Situation","Two","IN3","Object","That",28
52,"Same_Situation","One","IN4","Object","The",89
52,"Same_Situation","One","IN4","Object","That",82
52,"Same_Situation","Two","IN5","Object","That",37
52,"Same_Situation","Two","IN5","Object","The",94
52,"New_Situation","One","IN6","Object","That",90
52,"New_Situation","One","IN6","Object","The",84
52,"New_Situation","Two","AN1","Subject","That",42
52,"New_Situation","Two","AN1","Subject","The",86
52,"Same_Situation","One","AN2","Subject","That",29
52,"Same_Situation","One","AN2","Subject","The",96
52,"Same_Situation","Two","AN3","Subject","That",28
52,"Same_Situation","Two","AN3","Subject","The",91
52,"New_Situation","One","AN4","Object","The",82
52,"New_Situation","One","AN4","Object","That",91
52,"New_Situation","Two","AN5","Subject","The",96
52,"New_Situation","Two","AN5","Subject","That",30
52,"Same_Situation","One","AN6","Subject","The",96
52,"Same_Situation","One","AN6","Subject","That",42
53,"Same_Situation","Two","IN1","Subject","The",90
53,"Same_Situation","Two","IN1","Subject","That",70
53,"New_Situation","One","IN2","Object","That",70
53,"New_Situation","One","IN2","Object","The",90
53,"New_Situation","Two","IN3","Object","The",90
53,"New_Situation","Two","IN3","Object","That",60
53,"Same_Situation","One","IN4","Object","The",80
53,"Same_Situation","One","IN4","Object","That",30
53,"Same_Situation","Two","IN5","Object","That",70
53,"Same_Situation","Two","IN5","Object","The",90
53,"New_Situation","One","IN6","Object","That",90
53,"New_Situation","One","IN6","Object","The",80
53,"New_Situation","Two","AN1","Subject","That",60
53,"New_Situation","Two","AN1","Subject","The",90
53,"Same_Situation","One","AN2","Subject","That",20
53,"Same_Situation","One","AN2","Subject","The",90
53,"Same_Situation","Two","AN3","Subject","That",10
53,"Same_Situation","Two","AN3","Subject","The",30
53,"New_Situation","One","AN4","Object","The",61
53,"New_Situation","One","AN4","Object","That",5
53,"New_Situation","Two","AN5","Subject","The",90
53,"New_Situation","Two","AN5","Subject","That",60
53,"Same_Situation","One","AN6","Subject","The",90
53,"Same_Situation","One","AN6","Subject","That",60
54,"Same_Situation","One","IN1","Subject","That",46
54,"Same_Situation","One","IN1","Subject","The",100
54,"Same_Situation","Two","IN2","Subject","That",6
54,"Same_Situation","Two","IN2","Subject","The",100
54,"New_Situation","One","IN3","Object","That",65
54,"New_Situation","One","IN3","Object","The",100
54,"New_Situation","Two","IN4","Subject","That",75
54,"New_Situation","Two","IN4","Subject","The",100
54,"Same_Situation","One","IN5","Object","That",62
54,"Same_Situation","One","IN5","Object","The",100
54,"Same_Situation","Two","IN6","Subject","The",100
54,"Same_Situation","Two","IN6","Subject","That",81
54,"New_Situation","One","AN1","Subject","The",100
54,"New_Situation","One","AN1","Subject","That",89
54,"New_Situation","Two","AN2","Object","That",81
54,"New_Situation","Two","AN2","Object","The",66
54,"Same_Situation","One","AN3","Subject","The",100
54,"Same_Situation","One","AN3","Subject","That",67
54,"Same_Situation","Two","AN4","Subject","The",100
54,"Same_Situation","Two","AN4","Subject","That",15
54,"New_Situation","One","AN5","Subject","The",100
54,"New_Situation","One","AN5","Subject","That",74
54,"New_Situation","Two","AN6","Object","The",100
54,"New_Situation","Two","AN6","Object","That",15
55,"New_Situation","Two","IN1","Object","That",67
55,"New_Situation","Two","IN1","Object","The",68
55,"Same_Situation","One","IN2","Subject","The",93
55,"Same_Situation","One","IN2","Subject","That",61
55,"Same_Situation","Two","IN3","Subject","The",89
55,"Same_Situation","Two","IN3","Subject","That",90
55,"New_Situation","One","IN4","Subject","That",91
55,"New_Situation","One","IN4","Subject","The",68
55,"New_Situation","Two","IN5","Object","The",66
55,"New_Situation","Two","IN5","Object","That",95
55,"Same_Situation","One","IN6","Subject","The",96
55,"Same_Situation","One","IN6","Subject","That",79
55,"Same_Situation","Two","AN1","Subject","That",88
55,"Same_Situation","Two","AN1","Subject","The",56
55,"New_Situation","One","AN2","Object","The",70
55,"New_Situation","One","AN2","Object","That",99
55,"New_Situation","Two","AN3","Object","The",76
55,"New_Situation","Two","AN3","Object","That",90
55,"Same_Situation","One","AN4","Subject","That",75
55,"Same_Situation","One","AN4","Subject","The",93
55,"Same_Situation","Two","AN5","Object","That",86
55,"Same_Situation","Two","AN5","Object","The",99
55,"New_Situation","One","AN6","Object","That",91
55,"New_Situation","One","AN6","Object","The",56
56,"Same_Situation","One","IN1","Subject","That",80
56,"Same_Situation","One","IN1","Subject","The",80
56,"Same_Situation","Two","IN2","Subject","That",10
56,"Same_Situation","Two","IN2","Subject","The",85
56,"New_Situation","One","IN3","Object","That",70
56,"New_Situation","One","IN3","Object","The",75
56,"New_Situation","Two","IN4","Subject","That",55
56,"New_Situation","Two","IN4","Subject","The",80
56,"Same_Situation","One","IN5","Object","That",70
56,"Same_Situation","One","IN5","Object","The",80
56,"Same_Situation","Two","IN6","Subject","The",80
56,"Same_Situation","Two","IN6","Subject","That",70
56,"New_Situation","One","AN1","Subject","The",80
56,"New_Situation","One","AN1","Subject","That",80
56,"New_Situation","Two","AN2","Object","That",80
56,"New_Situation","Two","AN2","Object","The",80
56,"Same_Situation","One","AN3","Subject","The",80
56,"Same_Situation","One","AN3","Subject","That",65
56,"Same_Situation","Two","AN4","Subject","The",80
56,"Same_Situation","Two","AN4","Subject","That",70
56,"New_Situation","One","AN5","Subject","The",65
56,"New_Situation","One","AN5","Subject","That",80
56,"New_Situation","Two","AN6","Object","The",70
56,"New_Situation","Two","AN6","Object","That",60
57,"New_Situation","One","IN1","Object","The",75
57,"New_Situation","One","IN1","Object","That",65
57,"New_Situation","Two","IN2","Object","The",100
57,"New_Situation","Two","IN2","Object","That",90
57,"Same_Situation","One","IN3","Subject","That",75
57,"Same_Situation","One","IN3","Subject","The",100
57,"Same_Situation","Two","IN4","Object","The",100
57,"Same_Situation","Two","IN4","Object","That",90
57,"New_Situation","One","IN5","Object","The",75
57,"New_Situation","One","IN5","Object","That",90
57,"New_Situation","Two","IN6","Object","That",100
57,"New_Situation","Two","IN6","Object","The",100
57,"Same_Situation","One","AN1","Subject","The",95
57,"Same_Situation","One","AN1","Subject","That",65
57,"Same_Situation","Two","AN2","Subject","The",100
57,"Same_Situation","Two","AN2","Subject","That",60
57,"New_Situation","One","AN3","Object","That",60
57,"New_Situation","One","AN3","Object","The",85
57,"New_Situation","Two","AN4","Object","That",70
57,"New_Situation","Two","AN4","Object","The",85
57,"Same_Situation","One","AN5","Object","That",80
57,"Same_Situation","One","AN5","Object","The",95
57,"Same_Situation","Two","AN6","Subject","That",75
57,"Same_Situation","Two","AN6","Subject","The",100
58,"New_Situation","Two","IN1","Object","That",49
58,"New_Situation","Two","IN1","Object","The",58
58,"Same_Situation","One","IN2","Subject","The",71
58,"Same_Situation","One","IN2","Subject","That",56
58,"Same_Situation","Two","IN3","Subject","The",78
58,"Same_Situation","Two","IN3","Subject","That",53
58,"New_Situation","One","IN4","Subject","That",53
58,"New_Situation","One","IN4","Subject","The",57
58,"New_Situation","Two","IN5","Object","The",59
58,"New_Situation","Two","IN5","Object","That",56
58,"Same_Situation","One","IN6","Subject","The",52
58,"Same_Situation","One","IN6","Subject","That",83
58,"Same_Situation","Two","AN1","Subject","That",46
58,"Same_Situation","Two","AN1","Subject","The",73
58,"New_Situation","One","AN2","Object","The",60
58,"New_Situation","One","AN2","Object","That",83
58,"New_Situation","Two","AN3","Object","The",58
58,"New_Situation","Two","AN3","Object","That",46
58,"Same_Situation","One","AN4","Subject","That",29
58,"Same_Situation","One","AN4","Subject","The",75
58,"Same_Situation","Two","AN5","Object","That",45
58,"Same_Situation","Two","AN5","Object","The",72
58,"New_Situation","One","AN6","Object","That",42
58,"New_Situation","One","AN6","Object","The",58
59,"Same_Situation","Two","IN1","Subject","The",82
59,"Same_Situation","Two","IN1","Subject","That",62
59,"New_Situation","One","IN2","Object","That",58
59,"New_Situation","One","IN2","Object","The",78
59,"New_Situation","Two","IN3","Object","The",75
59,"New_Situation","Two","IN3","Object","That",44
59,"Same_Situation","One","IN4","Object","The",82
59,"Same_Situation","One","IN4","Object","That",28
59,"Same_Situation","Two","IN5","Object","That",53
59,"Same_Situation","Two","IN5","Object","The",78
59,"New_Situation","One","IN6","Object","That",30
59,"New_Situation","One","IN6","Object","The",83
59,"New_Situation","Two","AN1","Subject","That",64
59,"New_Situation","Two","AN1","Subject","The",74
59,"Same_Situation","One","AN2","Subject","That",83
59,"Same_Situation","One","AN2","Subject","The",26
59,"Same_Situation","Two","AN3","Subject","That",23
59,"Same_Situation","Two","AN3","Subject","The",67
59,"New_Situation","One","AN4","Object","The",66
59,"New_Situation","One","AN4","Object","That",32
59,"New_Situation","Two","AN5","Subject","The",64
59,"New_Situation","Two","AN5","Subject","That",62
59,"Same_Situation","One","AN6","Subject","The",75
59,"Same_Situation","One","AN6","Subject","That",40
60,"New_Situation","Two","IN1","Object","That",16
60,"New_Situation","Two","IN1","Object","The",86
60,"Same_Situation","One","IN2","Subject","The",75
60,"Same_Situation","One","IN2","Subject","That",1
60,"Same_Situation","Two","IN3","Subject","The",71
60,"Same_Situation","Two","IN3","Subject","That",30
60,"New_Situation","One","IN4","Subject","That",74
60,"New_Situation","One","IN4","Subject","The",37
60,"New_Situation","Two","IN5","Object","The",73
60,"New_Situation","Two","IN5","Object","That",17
60,"Same_Situation","One","IN6","Subject","The",60
60,"Same_Situation","One","IN6","Subject","That",75
60,"Same_Situation","Two","AN1","Subject","That",80
60,"Same_Situation","Two","AN1","Subject","The",16
60,"New_Situation","One","AN2","Object","The",19
60,"New_Situation","One","AN2","Object","That",80
60,"New_Situation","Two","AN3","Object","The",13
60,"New_Situation","Two","AN3","Object","That",82
60,"Same_Situation","One","AN4","Subject","That",41
60,"Same_Situation","One","AN4","Subject","The",73
60,"Same_Situation","Two","AN5","Object","That",75
60,"Same_Situation","Two","AN5","Object","The",31
60,"New_Situation","One","AN6","Object","That",15
60,"New_Situation","One","AN6","Object","The",86
61,"Same_Situation","One","IN1","Subject","That",71
61,"Same_Situation","One","IN1","Subject","The",88
61,"Same_Situation","Two","IN2","Subject","That",14
61,"Same_Situation","Two","IN2","Subject","The",81
61,"New_Situation","One","IN3","Object","That",80
61,"New_Situation","One","IN3","Object","The",86
61,"New_Situation","Two","IN4","Subject","That",65
61,"New_Situation","Two","IN4","Subject","The",87
61,"Same_Situation","One","IN5","Object","That",78
61,"Same_Situation","One","IN5","Object","The",88
61,"Same_Situation","Two","IN6","Subject","The",83
61,"Same_Situation","Two","IN6","Subject","That",69
61,"New_Situation","One","AN1","Subject","The",76
61,"New_Situation","One","AN1","Subject","That",72
61,"New_Situation","Two","AN2","Object","That",64
61,"New_Situation","Two","AN2","Object","The",79
61,"Same_Situation","One","AN3","Subject","The",83
61,"Same_Situation","One","AN3","Subject","That",63
61,"Same_Situation","Two","AN4","Subject","The",87
61,"Same_Situation","Two","AN4","Subject","That",55
61,"New_Situation","One","AN5","Subject","The",85
61,"New_Situation","One","AN5","Subject","That",72
61,"New_Situation","Two","AN6","Object","The",87
61,"New_Situation","Two","AN6","Object","That",80
62,"Same_Situation","One","IN1","Subject","That",48
62,"Same_Situation","One","IN1","Subject","The",99
62,"Same_Situation","Two","IN2","Subject","That",45
62,"Same_Situation","Two","IN2","Subject","The",100
62,"New_Situation","One","IN3","Object","That",96
62,"New_Situation","One","IN3","Object","The",100
62,"New_Situation","Two","IN4","Subject","That",47
62,"New_Situation","Two","IN4","Subject","The",100
62,"Same_Situation","One","IN5","Object","That",70
62,"Same_Situation","One","IN5","Object","The",100
62,"Same_Situation","Two","IN6","Subject","The",100
62,"Same_Situation","Two","IN6","Subject","That",47
62,"New_Situation","One","AN1","Subject","The",100
62,"New_Situation","One","AN1","Subject","That",91
62,"New_Situation","Two","AN2","Object","That",53
62,"New_Situation","Two","AN2","Object","The",100
62,"Same_Situation","One","AN3","Subject","The",100
62,"Same_Situation","One","AN3","Subject","That",39
62,"Same_Situation","Two","AN4","Subject","The",100
62,"Same_Situation","Two","AN4","Subject","That",46
62,"New_Situation","One","AN5","Subject","The",99
62,"New_Situation","One","AN5","Subject","That",94
62,"New_Situation","Two","AN6","Object","The",100
62,"New_Situation","Two","AN6","Object","That",44
63,"New_Situation","One","IN1","Object","The",90
63,"New_Situation","One","IN1","Object","That",72
63,"New_Situation","Two","IN2","Object","The",89
63,"New_Situation","Two","IN2","Object","That",73
63,"Same_Situation","One","IN3","Subject","That",67
63,"Same_Situation","One","IN3","Subject","The",98
63,"Same_Situation","Two","IN4","Object","The",93
63,"Same_Situation","Two","IN4","Object","That",42
63,"New_Situation","One","IN5","Object","The",92
63,"New_Situation","One","IN5","Object","That",65
63,"New_Situation","Two","IN6","Object","That",61
63,"New_Situation","Two","IN6","Object","The",93
63,"Same_Situation","One","AN1","Subject","The",87
63,"Same_Situation","One","AN1","Subject","That",60
63,"Same_Situation","Two","AN2","Subject","The",92
63,"Same_Situation","Two","AN2","Subject","That",51
63,"New_Situation","One","AN3","Object","That",67
63,"New_Situation","One","AN3","Object","The",94
63,"New_Situation","Two","AN4","Object","That",60
63,"New_Situation","Two","AN4","Object","The",77
63,"Same_Situation","One","AN5","Object","That",73
63,"Same_Situation","One","AN5","Object","The",95
63,"Same_Situation","Two","AN6","Subject","That",25
63,"Same_Situation","Two","AN6","Subject","The",97
64,"New_Situation","Two","IN1","Object","That",90
64,"New_Situation","Two","IN1","Object","The",80
64,"Same_Situation","One","IN2","Subject","The",95
64,"Same_Situation","One","IN2","Subject","That",92
64,"Same_Situation","Two","IN3","Subject","The",95
64,"Same_Situation","Two","IN3","Subject","That",88
64,"New_Situation","One","IN4","Subject","That",94
64,"New_Situation","One","IN4","Subject","The",84
64,"New_Situation","Two","IN5","Object","The",96
64,"New_Situation","Two","IN5","Object","That",88
64,"Same_Situation","One","IN6","Subject","The",94
64,"Same_Situation","One","IN6","Subject","That",87
64,"Same_Situation","Two","AN1","Subject","That",32
64,"Same_Situation","Two","AN1","Subject","The",93
64,"New_Situation","One","AN2","Object","The",79
64,"New_Situation","One","AN2","Object","That",92
64,"New_Situation","Two","AN3","Object","The",65
64,"New_Situation","Two","AN3","Object","That",87
64,"Same_Situation","One","AN4","Subject","That",77
64,"Same_Situation","One","AN4","Subject","The",93
64,"Same_Situation","Two","AN5","Object","That",25
64,"Same_Situation","Two","AN5","Object","The",91
64,"New_Situation","One","AN6","Object","That",86
64,"New_Situation","One","AN6","Object","The",94
